[0.207s] DEBUG:colcon:Command line arguments: ['/usr/bin/colcon', 'build']
[0.208s] DEBUG:colcon:Parsed command line arguments: Namespace(log_base=None, log_level=None, verb_name='build', build_base='build', install_base='install', merge_install=False, symlink_install=False, test_result_base=None, continue_on_error=False, executor='parallel', parallel_workers=16, event_handlers=None, ignore_user_meta=False, metas=['./colcon.meta'], base_paths=['.'], packages_ignore=None, packages_ignore_regex=None, paths=None, packages_up_to=None, packages_up_to_regex=None, packages_above=None, packages_above_and_dependencies=None, packages_above_depth=None, packages_select_by_dep=None, packages_skip_by_dep=None, packages_skip_up_to=None, packages_select_build_failed=False, packages_skip_build_finished=False, packages_select_test_failures=False, packages_skip_test_passed=False, packages_select=None, packages_skip=None, packages_select_regex=None, packages_skip_regex=None, packages_start=None, packages_end=None, allow_overriding=[], cmake_args=None, cmake_target=None, cmake_target_skip_unavailable=False, cmake_clean_cache=False, cmake_clean_first=False, cmake_force_configure=False, ament_cmake_args=None, catkin_cmake_args=None, catkin_skip_building_tests=False, mixin_files=None, mixin=None, verb_parser=<colcon_mixin.mixin.mixin_argument.MixinArgumentDecorator object at 0x792bc46cbac0>, verb_extension=<colcon_core.verb.build.BuildVerb object at 0x792bc46854b0>, main=<bound method BuildVerb.main of <colcon_core.verb.build.BuildVerb object at 0x792bc46854b0>>, mixin_verb=('build',))
[0.569s] Level 1:colcon.colcon_core.package_discovery:discover_packages(colcon_meta) check parameters
[0.569s] Level 1:colcon.colcon_core.package_discovery:discover_packages(recursive) check parameters
[0.569s] Level 1:colcon.colcon_core.package_discovery:discover_packages(ignore) check parameters
[0.569s] Level 1:colcon.colcon_core.package_discovery:discover_packages(path) check parameters
[0.569s] Level 1:colcon.colcon_core.package_discovery:discover_packages(colcon_meta) discover
[0.569s] Level 1:colcon.colcon_core.package_discovery:discover_packages(recursive) discover
[0.569s] INFO:colcon.colcon_core.package_discovery:Crawling recursively for packages in '/workspace/LeapXELA_Hardware_ws'
[0.569s] Level 1:colcon.colcon_core.package_identification:_identify(.) by extensions ['ignore', 'ignore_ament_install']
[0.570s] Level 1:colcon.colcon_core.package_identification:_identify(.) by extension 'ignore'
[0.570s] Level 1:colcon.colcon_core.package_identification:_identify(.) by extension 'ignore_ament_install'
[0.570s] Level 1:colcon.colcon_core.package_identification:_identify(.) by extensions ['colcon_pkg']
[0.570s] Level 1:colcon.colcon_core.package_identification:_identify(.) by extension 'colcon_pkg'
[0.570s] Level 1:colcon.colcon_core.package_identification:_identify(.) by extensions ['colcon_meta']
[0.570s] Level 1:colcon.colcon_core.package_identification:_identify(.) by extension 'colcon_meta'
[0.570s] Level 1:colcon.colcon_core.package_identification:_identify(.) by extensions ['ros']
[0.570s] Level 1:colcon.colcon_core.package_identification:_identify(.) by extension 'ros'
[0.652s] Level 1:colcon.colcon_core.package_identification:_identify(.) by extensions ['cmake', 'python']
[0.652s] Level 1:colcon.colcon_core.package_identification:_identify(.) by extension 'cmake'
[0.652s] Level 1:colcon.colcon_core.package_identification:_identify(.) by extension 'python'
[0.653s] Level 1:colcon.colcon_core.package_identification:_identify(.) by extensions ['python_setup_py']
[0.653s] Level 1:colcon.colcon_core.package_identification:_identify(.) by extension 'python_setup_py'
[0.653s] Level 1:colcon.colcon_core.package_identification:_identify(build) by extensions ['ignore', 'ignore_ament_install']
[0.653s] Level 1:colcon.colcon_core.package_identification:_identify(build) by extension 'ignore'
[0.653s] Level 1:colcon.colcon_core.package_identification:_identify(build) ignored
[0.654s] Level 1:colcon.colcon_core.package_identification:_identify(docker) by extensions ['ignore', 'ignore_ament_install']
[0.654s] Level 1:colcon.colcon_core.package_identification:_identify(docker) by extension 'ignore'
[0.654s] Level 1:colcon.colcon_core.package_identification:_identify(docker) by extension 'ignore_ament_install'
[0.654s] Level 1:colcon.colcon_core.package_identification:_identify(docker) by extensions ['colcon_pkg']
[0.654s] Level 1:colcon.colcon_core.package_identification:_identify(docker) by extension 'colcon_pkg'
[0.654s] Level 1:colcon.colcon_core.package_identification:_identify(docker) by extensions ['colcon_meta']
[0.654s] Level 1:colcon.colcon_core.package_identification:_identify(docker) by extension 'colcon_meta'
[0.654s] Level 1:colcon.colcon_core.package_identification:_identify(docker) by extensions ['ros']
[0.655s] Level 1:colcon.colcon_core.package_identification:_identify(docker) by extension 'ros'
[0.655s] Level 1:colcon.colcon_core.package_identification:_identify(docker) by extensions ['cmake', 'python']
[0.655s] Level 1:colcon.colcon_core.package_identification:_identify(docker) by extension 'cmake'
[0.655s] Level 1:colcon.colcon_core.package_identification:_identify(docker) by extension 'python'
[0.655s] Level 1:colcon.colcon_core.package_identification:_identify(docker) by extensions ['python_setup_py']
[0.655s] Level 1:colcon.colcon_core.package_identification:_identify(docker) by extension 'python_setup_py'
[0.655s] Level 1:colcon.colcon_core.package_identification:_identify(etc_xela) by extensions ['ignore', 'ignore_ament_install']
[0.655s] Level 1:colcon.colcon_core.package_identification:_identify(etc_xela) by extension 'ignore'
[0.655s] Level 1:colcon.colcon_core.package_identification:_identify(etc_xela) by extension 'ignore_ament_install'
[0.656s] Level 1:colcon.colcon_core.package_identification:_identify(etc_xela) by extensions ['colcon_pkg']
[0.656s] Level 1:colcon.colcon_core.package_identification:_identify(etc_xela) by extension 'colcon_pkg'
[0.656s] Level 1:colcon.colcon_core.package_identification:_identify(etc_xela) by extensions ['colcon_meta']
[0.656s] Level 1:colcon.colcon_core.package_identification:_identify(etc_xela) by extension 'colcon_meta'
[0.656s] Level 1:colcon.colcon_core.package_identification:_identify(etc_xela) by extensions ['ros']
[0.656s] Level 1:colcon.colcon_core.package_identification:_identify(etc_xela) by extension 'ros'
[0.656s] Level 1:colcon.colcon_core.package_identification:_identify(etc_xela) by extensions ['cmake', 'python']
[0.656s] Level 1:colcon.colcon_core.package_identification:_identify(etc_xela) by extension 'cmake'
[0.656s] Level 1:colcon.colcon_core.package_identification:_identify(etc_xela) by extension 'python'
[0.656s] Level 1:colcon.colcon_core.package_identification:_identify(etc_xela) by extensions ['python_setup_py']
[0.656s] Level 1:colcon.colcon_core.package_identification:_identify(etc_xela) by extension 'python_setup_py'
[0.657s] Level 1:colcon.colcon_core.package_identification:_identify(franka) by extensions ['ignore', 'ignore_ament_install']
[0.657s] Level 1:colcon.colcon_core.package_identification:_identify(franka) by extension 'ignore'
[0.657s] Level 1:colcon.colcon_core.package_identification:_identify(franka) by extension 'ignore_ament_install'
[0.657s] Level 1:colcon.colcon_core.package_identification:_identify(franka) by extensions ['colcon_pkg']
[0.657s] Level 1:colcon.colcon_core.package_identification:_identify(franka) by extension 'colcon_pkg'
[0.657s] Level 1:colcon.colcon_core.package_identification:_identify(franka) by extensions ['colcon_meta']
[0.657s] Level 1:colcon.colcon_core.package_identification:_identify(franka) by extension 'colcon_meta'
[0.657s] Level 1:colcon.colcon_core.package_identification:_identify(franka) by extensions ['ros']
[0.657s] Level 1:colcon.colcon_core.package_identification:_identify(franka) by extension 'ros'
[0.658s] Level 1:colcon.colcon_core.package_identification:_identify(franka) by extensions ['cmake', 'python']
[0.658s] Level 1:colcon.colcon_core.package_identification:_identify(franka) by extension 'cmake'
[0.658s] Level 1:colcon.colcon_core.package_identification:_identify(franka) by extension 'python'
[0.658s] Level 1:colcon.colcon_core.package_identification:_identify(franka) by extensions ['python_setup_py']
[0.658s] Level 1:colcon.colcon_core.package_identification:_identify(franka) by extension 'python_setup_py'
[0.658s] Level 1:colcon.colcon_core.package_identification:_identify(franka/libfranka) by extensions ['ignore', 'ignore_ament_install']
[0.658s] Level 1:colcon.colcon_core.package_identification:_identify(franka/libfranka) by extension 'ignore'
[0.658s] Level 1:colcon.colcon_core.package_identification:_identify(franka/libfranka) by extension 'ignore_ament_install'
[0.658s] Level 1:colcon.colcon_core.package_identification:_identify(franka/libfranka) by extensions ['colcon_pkg']
[0.659s] Level 1:colcon.colcon_core.package_identification:_identify(franka/libfranka) by extension 'colcon_pkg'
[0.659s] Level 1:colcon.colcon_core.package_identification:_identify(franka/libfranka) by extensions ['colcon_meta']
[0.659s] Level 1:colcon.colcon_core.package_identification:_identify(franka/libfranka) by extension 'colcon_meta'
[0.659s] Level 1:colcon.colcon_core.package_identification:_identify(franka/libfranka) by extensions ['ros']
[0.659s] Level 1:colcon.colcon_core.package_identification:_identify(franka/libfranka) by extension 'ros'
[0.659s] Level 1:colcon.colcon_core.package_identification:_identify(franka/libfranka) by extensions ['cmake', 'python']
[0.659s] Level 1:colcon.colcon_core.package_identification:_identify(franka/libfranka) by extension 'cmake'
[0.708s] Level 1:colcon.colcon_core.package_identification:_identify(franka/libfranka) by extension 'python'
[0.708s] DEBUG:colcon.colcon_core.package_identification:Package 'franka/libfranka' with type 'cmake' and name 'libfranka'
[0.709s] Level 1:colcon.colcon_core.package_identification:_identify(install) by extensions ['ignore', 'ignore_ament_install']
[0.709s] Level 1:colcon.colcon_core.package_identification:_identify(install) by extension 'ignore'
[0.709s] Level 1:colcon.colcon_core.package_identification:_identify(install) ignored
[0.709s] Level 1:colcon.colcon_core.package_identification:_identify(leapXela_pointcloud) by extensions ['ignore', 'ignore_ament_install']
[0.710s] Level 1:colcon.colcon_core.package_identification:_identify(leapXela_pointcloud) by extension 'ignore'
[0.710s] Level 1:colcon.colcon_core.package_identification:_identify(leapXela_pointcloud) by extension 'ignore_ament_install'
[0.710s] Level 1:colcon.colcon_core.package_identification:_identify(leapXela_pointcloud) by extensions ['colcon_pkg']
[0.710s] Level 1:colcon.colcon_core.package_identification:_identify(leapXela_pointcloud) by extension 'colcon_pkg'
[0.710s] Level 1:colcon.colcon_core.package_identification:_identify(leapXela_pointcloud) by extensions ['colcon_meta']
[0.710s] Level 1:colcon.colcon_core.package_identification:_identify(leapXela_pointcloud) by extension 'colcon_meta'
[0.710s] Level 1:colcon.colcon_core.package_identification:_identify(leapXela_pointcloud) by extensions ['ros']
[0.710s] Level 1:colcon.colcon_core.package_identification:_identify(leapXela_pointcloud) by extension 'ros'
[0.711s] Level 1:colcon.colcon_core.package_identification:_identify(leapXela_pointcloud) by extensions ['cmake', 'python']
[0.711s] Level 1:colcon.colcon_core.package_identification:_identify(leapXela_pointcloud) by extension 'cmake'
[0.711s] Level 1:colcon.colcon_core.package_identification:_identify(leapXela_pointcloud) by extension 'python'
[0.711s] Level 1:colcon.colcon_core.package_identification:_identify(leapXela_pointcloud) by extensions ['python_setup_py']
[0.711s] Level 1:colcon.colcon_core.package_identification:_identify(leapXela_pointcloud) by extension 'python_setup_py'
[0.711s] Level 1:colcon.colcon_core.package_identification:_identify(leapXela_pointcloud/assets) by extensions ['ignore', 'ignore_ament_install']
[0.711s] Level 1:colcon.colcon_core.package_identification:_identify(leapXela_pointcloud/assets) by extension 'ignore'
[0.712s] Level 1:colcon.colcon_core.package_identification:_identify(leapXela_pointcloud/assets) by extension 'ignore_ament_install'
[0.712s] Level 1:colcon.colcon_core.package_identification:_identify(leapXela_pointcloud/assets) by extensions ['colcon_pkg']
[0.712s] Level 1:colcon.colcon_core.package_identification:_identify(leapXela_pointcloud/assets) by extension 'colcon_pkg'
[0.712s] Level 1:colcon.colcon_core.package_identification:_identify(leapXela_pointcloud/assets) by extensions ['colcon_meta']
[0.712s] Level 1:colcon.colcon_core.package_identification:_identify(leapXela_pointcloud/assets) by extension 'colcon_meta'
[0.712s] Level 1:colcon.colcon_core.package_identification:_identify(leapXela_pointcloud/assets) by extensions ['ros']
[0.712s] Level 1:colcon.colcon_core.package_identification:_identify(leapXela_pointcloud/assets) by extension 'ros'
[0.712s] Level 1:colcon.colcon_core.package_identification:_identify(leapXela_pointcloud/assets) by extensions ['cmake', 'python']
[0.712s] Level 1:colcon.colcon_core.package_identification:_identify(leapXela_pointcloud/assets) by extension 'cmake'
[0.713s] Level 1:colcon.colcon_core.package_identification:_identify(leapXela_pointcloud/assets) by extension 'python'
[0.713s] Level 1:colcon.colcon_core.package_identification:_identify(leapXela_pointcloud/assets) by extensions ['python_setup_py']
[0.713s] Level 1:colcon.colcon_core.package_identification:_identify(leapXela_pointcloud/assets) by extension 'python_setup_py'
[0.713s] Level 1:colcon.colcon_core.package_identification:_identify(leapXela_ss) by extensions ['ignore', 'ignore_ament_install']
[0.713s] Level 1:colcon.colcon_core.package_identification:_identify(leapXela_ss) by extension 'ignore'
[0.713s] Level 1:colcon.colcon_core.package_identification:_identify(leapXela_ss) by extension 'ignore_ament_install'
[0.713s] Level 1:colcon.colcon_core.package_identification:_identify(leapXela_ss) by extensions ['colcon_pkg']
[0.713s] Level 1:colcon.colcon_core.package_identification:_identify(leapXela_ss) by extension 'colcon_pkg'
[0.713s] Level 1:colcon.colcon_core.package_identification:_identify(leapXela_ss) by extensions ['colcon_meta']
[0.713s] Level 1:colcon.colcon_core.package_identification:_identify(leapXela_ss) by extension 'colcon_meta'
[0.713s] Level 1:colcon.colcon_core.package_identification:_identify(leapXela_ss) by extensions ['ros']
[0.713s] Level 1:colcon.colcon_core.package_identification:_identify(leapXela_ss) by extension 'ros'
[0.714s] Level 1:colcon.colcon_core.package_identification:_identify(leapXela_ss) by extensions ['cmake', 'python']
[0.714s] Level 1:colcon.colcon_core.package_identification:_identify(leapXela_ss) by extension 'cmake'
[0.714s] Level 1:colcon.colcon_core.package_identification:_identify(leapXela_ss) by extension 'python'
[0.714s] Level 1:colcon.colcon_core.package_identification:_identify(leapXela_ss) by extensions ['python_setup_py']
[0.714s] Level 1:colcon.colcon_core.package_identification:_identify(leapXela_ss) by extension 'python_setup_py'
[0.714s] Level 1:colcon.colcon_core.package_identification:_identify(leapXela_ss/assets) by extensions ['ignore', 'ignore_ament_install']
[0.714s] Level 1:colcon.colcon_core.package_identification:_identify(leapXela_ss/assets) by extension 'ignore'
[0.715s] Level 1:colcon.colcon_core.package_identification:_identify(leapXela_ss/assets) by extension 'ignore_ament_install'
[0.715s] Level 1:colcon.colcon_core.package_identification:_identify(leapXela_ss/assets) by extensions ['colcon_pkg']
[0.715s] Level 1:colcon.colcon_core.package_identification:_identify(leapXela_ss/assets) by extension 'colcon_pkg'
[0.715s] Level 1:colcon.colcon_core.package_identification:_identify(leapXela_ss/assets) by extensions ['colcon_meta']
[0.715s] Level 1:colcon.colcon_core.package_identification:_identify(leapXela_ss/assets) by extension 'colcon_meta'
[0.715s] Level 1:colcon.colcon_core.package_identification:_identify(leapXela_ss/assets) by extensions ['ros']
[0.715s] Level 1:colcon.colcon_core.package_identification:_identify(leapXela_ss/assets) by extension 'ros'
[0.715s] Level 1:colcon.colcon_core.package_identification:_identify(leapXela_ss/assets) by extensions ['cmake', 'python']
[0.716s] Level 1:colcon.colcon_core.package_identification:_identify(leapXela_ss/assets) by extension 'cmake'
[0.716s] Level 1:colcon.colcon_core.package_identification:_identify(leapXela_ss/assets) by extension 'python'
[0.716s] Level 1:colcon.colcon_core.package_identification:_identify(leapXela_ss/assets) by extensions ['python_setup_py']
[0.716s] Level 1:colcon.colcon_core.package_identification:_identify(leapXela_ss/assets) by extension 'python_setup_py'
[0.716s] Level 1:colcon.colcon_core.package_identification:_identify(leapXela_with_4_4_markers) by extensions ['ignore', 'ignore_ament_install']
[0.716s] Level 1:colcon.colcon_core.package_identification:_identify(leapXela_with_4_4_markers) by extension 'ignore'
[0.717s] Level 1:colcon.colcon_core.package_identification:_identify(leapXela_with_4_4_markers) by extension 'ignore_ament_install'
[0.717s] Level 1:colcon.colcon_core.package_identification:_identify(leapXela_with_4_4_markers) by extensions ['colcon_pkg']
[0.717s] Level 1:colcon.colcon_core.package_identification:_identify(leapXela_with_4_4_markers) by extension 'colcon_pkg'
[0.717s] Level 1:colcon.colcon_core.package_identification:_identify(leapXela_with_4_4_markers) by extensions ['colcon_meta']
[0.717s] Level 1:colcon.colcon_core.package_identification:_identify(leapXela_with_4_4_markers) by extension 'colcon_meta'
[0.717s] Level 1:colcon.colcon_core.package_identification:_identify(leapXela_with_4_4_markers) by extensions ['ros']
[0.717s] Level 1:colcon.colcon_core.package_identification:_identify(leapXela_with_4_4_markers) by extension 'ros'
[0.717s] Level 1:colcon.colcon_core.package_identification:_identify(leapXela_with_4_4_markers) by extensions ['cmake', 'python']
[0.717s] Level 1:colcon.colcon_core.package_identification:_identify(leapXela_with_4_4_markers) by extension 'cmake'
[0.718s] Level 1:colcon.colcon_core.package_identification:_identify(leapXela_with_4_4_markers) by extension 'python'
[0.718s] Level 1:colcon.colcon_core.package_identification:_identify(leapXela_with_4_4_markers) by extensions ['python_setup_py']
[0.718s] Level 1:colcon.colcon_core.package_identification:_identify(leapXela_with_4_4_markers) by extension 'python_setup_py'
[0.718s] Level 1:colcon.colcon_core.package_identification:_identify(leapXela_with_4_4_markers/assets) by extensions ['ignore', 'ignore_ament_install']
[0.718s] Level 1:colcon.colcon_core.package_identification:_identify(leapXela_with_4_4_markers/assets) by extension 'ignore'
[0.718s] Level 1:colcon.colcon_core.package_identification:_identify(leapXela_with_4_4_markers/assets) by extension 'ignore_ament_install'
[0.719s] Level 1:colcon.colcon_core.package_identification:_identify(leapXela_with_4_4_markers/assets) by extensions ['colcon_pkg']
[0.719s] Level 1:colcon.colcon_core.package_identification:_identify(leapXela_with_4_4_markers/assets) by extension 'colcon_pkg'
[0.719s] Level 1:colcon.colcon_core.package_identification:_identify(leapXela_with_4_4_markers/assets) by extensions ['colcon_meta']
[0.719s] Level 1:colcon.colcon_core.package_identification:_identify(leapXela_with_4_4_markers/assets) by extension 'colcon_meta'
[0.719s] Level 1:colcon.colcon_core.package_identification:_identify(leapXela_with_4_4_markers/assets) by extensions ['ros']
[0.719s] Level 1:colcon.colcon_core.package_identification:_identify(leapXela_with_4_4_markers/assets) by extension 'ros'
[0.719s] Level 1:colcon.colcon_core.package_identification:_identify(leapXela_with_4_4_markers/assets) by extensions ['cmake', 'python']
[0.719s] Level 1:colcon.colcon_core.package_identification:_identify(leapXela_with_4_4_markers/assets) by extension 'cmake'
[0.719s] Level 1:colcon.colcon_core.package_identification:_identify(leapXela_with_4_4_markers/assets) by extension 'python'
[0.720s] Level 1:colcon.colcon_core.package_identification:_identify(leapXela_with_4_4_markers/assets) by extensions ['python_setup_py']
[0.720s] Level 1:colcon.colcon_core.package_identification:_identify(leapXela_with_4_4_markers/assets) by extension 'python_setup_py'
[0.720s] Level 1:colcon.colcon_core.package_identification:_identify(libfranka) by extensions ['ignore', 'ignore_ament_install']
[0.720s] Level 1:colcon.colcon_core.package_identification:_identify(libfranka) by extension 'ignore'
[0.720s] Level 1:colcon.colcon_core.package_identification:_identify(libfranka) by extension 'ignore_ament_install'
[0.720s] Level 1:colcon.colcon_core.package_identification:_identify(libfranka) by extensions ['colcon_pkg']
[0.720s] Level 1:colcon.colcon_core.package_identification:_identify(libfranka) by extension 'colcon_pkg'
[0.720s] Level 1:colcon.colcon_core.package_identification:_identify(libfranka) by extensions ['colcon_meta']
[0.720s] Level 1:colcon.colcon_core.package_identification:_identify(libfranka) by extension 'colcon_meta'
[0.720s] Level 1:colcon.colcon_core.package_identification:_identify(libfranka) by extensions ['ros']
[0.720s] Level 1:colcon.colcon_core.package_identification:_identify(libfranka) by extension 'ros'
[0.721s] Level 1:colcon.colcon_core.package_identification:_identify(libfranka) by extensions ['cmake', 'python']
[0.721s] Level 1:colcon.colcon_core.package_identification:_identify(libfranka) by extension 'cmake'
[0.756s] Level 1:colcon.colcon_core.package_identification:_identify(libfranka) by extension 'python'
[0.756s] DEBUG:colcon.colcon_core.package_identification:Package 'libfranka' with type 'cmake' and name 'libfranka'
[0.756s] Level 1:colcon.colcon_core.package_identification:_identify(log) by extensions ['ignore', 'ignore_ament_install']
[0.756s] Level 1:colcon.colcon_core.package_identification:_identify(log) by extension 'ignore'
[0.756s] Level 1:colcon.colcon_core.package_identification:_identify(log) ignored
[0.757s] Level 1:colcon.colcon_core.package_identification:_identify(mujoco_c_example) by extensions ['ignore', 'ignore_ament_install']
[0.757s] Level 1:colcon.colcon_core.package_identification:_identify(mujoco_c_example) by extension 'ignore'
[0.757s] Level 1:colcon.colcon_core.package_identification:_identify(mujoco_c_example) by extension 'ignore_ament_install'
[0.757s] Level 1:colcon.colcon_core.package_identification:_identify(mujoco_c_example) by extensions ['colcon_pkg']
[0.757s] Level 1:colcon.colcon_core.package_identification:_identify(mujoco_c_example) by extension 'colcon_pkg'
[0.757s] Level 1:colcon.colcon_core.package_identification:_identify(mujoco_c_example) by extensions ['colcon_meta']
[0.757s] Level 1:colcon.colcon_core.package_identification:_identify(mujoco_c_example) by extension 'colcon_meta'
[0.757s] Level 1:colcon.colcon_core.package_identification:_identify(mujoco_c_example) by extensions ['ros']
[0.757s] Level 1:colcon.colcon_core.package_identification:_identify(mujoco_c_example) by extension 'ros'
[0.757s] Level 1:colcon.colcon_core.package_identification:_identify(mujoco_c_example) by extensions ['cmake', 'python']
[0.757s] Level 1:colcon.colcon_core.package_identification:_identify(mujoco_c_example) by extension 'cmake'
[0.761s] Level 1:colcon.colcon_core.package_identification:_identify(mujoco_c_example) by extension 'python'
[0.761s] DEBUG:colcon.colcon_core.package_identification:Package 'mujoco_c_example' with type 'cmake' and name 'mujoco_c_example'
[0.761s] Level 1:colcon.colcon_core.package_identification:_identify(realsene) by extensions ['ignore', 'ignore_ament_install']
[0.761s] Level 1:colcon.colcon_core.package_identification:_identify(realsene) by extension 'ignore'
[0.761s] Level 1:colcon.colcon_core.package_identification:_identify(realsene) by extension 'ignore_ament_install'
[0.761s] Level 1:colcon.colcon_core.package_identification:_identify(realsene) by extensions ['colcon_pkg']
[0.762s] Level 1:colcon.colcon_core.package_identification:_identify(realsene) by extension 'colcon_pkg'
[0.762s] Level 1:colcon.colcon_core.package_identification:_identify(realsene) by extensions ['colcon_meta']
[0.762s] Level 1:colcon.colcon_core.package_identification:_identify(realsene) by extension 'colcon_meta'
[0.762s] Level 1:colcon.colcon_core.package_identification:_identify(realsene) by extensions ['ros']
[0.762s] Level 1:colcon.colcon_core.package_identification:_identify(realsene) by extension 'ros'
[0.762s] Level 1:colcon.colcon_core.package_identification:_identify(realsene) by extensions ['cmake', 'python']
[0.762s] Level 1:colcon.colcon_core.package_identification:_identify(realsene) by extension 'cmake'
[0.762s] Level 1:colcon.colcon_core.package_identification:_identify(realsene) by extension 'python'
[0.762s] Level 1:colcon.colcon_core.package_identification:_identify(realsene) by extensions ['python_setup_py']
[0.762s] Level 1:colcon.colcon_core.package_identification:_identify(realsene) by extension 'python_setup_py'
[0.762s] Level 1:colcon.colcon_core.package_identification:_identify(ros_ws) by extensions ['ignore', 'ignore_ament_install']
[0.763s] Level 1:colcon.colcon_core.package_identification:_identify(ros_ws) by extension 'ignore'
[0.763s] Level 1:colcon.colcon_core.package_identification:_identify(ros_ws) by extension 'ignore_ament_install'
[0.763s] Level 1:colcon.colcon_core.package_identification:_identify(ros_ws) by extensions ['colcon_pkg']
[0.763s] Level 1:colcon.colcon_core.package_identification:_identify(ros_ws) by extension 'colcon_pkg'
[0.763s] Level 1:colcon.colcon_core.package_identification:_identify(ros_ws) by extensions ['colcon_meta']
[0.763s] Level 1:colcon.colcon_core.package_identification:_identify(ros_ws) by extension 'colcon_meta'
[0.763s] Level 1:colcon.colcon_core.package_identification:_identify(ros_ws) by extensions ['ros']
[0.763s] Level 1:colcon.colcon_core.package_identification:_identify(ros_ws) by extension 'ros'
[0.763s] Level 1:colcon.colcon_core.package_identification:_identify(ros_ws) by extensions ['cmake', 'python']
[0.763s] Level 1:colcon.colcon_core.package_identification:_identify(ros_ws) by extension 'cmake'
[0.763s] Level 1:colcon.colcon_core.package_identification:_identify(ros_ws) by extension 'python'
[0.763s] Level 1:colcon.colcon_core.package_identification:_identify(ros_ws) by extensions ['python_setup_py']
[0.763s] Level 1:colcon.colcon_core.package_identification:_identify(ros_ws) by extension 'python_setup_py'
[0.764s] Level 1:colcon.colcon_core.package_identification:_identify(ros_ws/build) by extensions ['ignore', 'ignore_ament_install']
[0.764s] Level 1:colcon.colcon_core.package_identification:_identify(ros_ws/build) by extension 'ignore'
[0.764s] Level 1:colcon.colcon_core.package_identification:_identify(ros_ws/build) ignored
[0.764s] Level 1:colcon.colcon_core.package_identification:_identify(ros_ws/data) by extensions ['ignore', 'ignore_ament_install']
[0.764s] Level 1:colcon.colcon_core.package_identification:_identify(ros_ws/data) by extension 'ignore'
[0.764s] Level 1:colcon.colcon_core.package_identification:_identify(ros_ws/data) by extension 'ignore_ament_install'
[0.764s] Level 1:colcon.colcon_core.package_identification:_identify(ros_ws/data) by extensions ['colcon_pkg']
[0.764s] Level 1:colcon.colcon_core.package_identification:_identify(ros_ws/data) by extension 'colcon_pkg'
[0.764s] Level 1:colcon.colcon_core.package_identification:_identify(ros_ws/data) by extensions ['colcon_meta']
[0.764s] Level 1:colcon.colcon_core.package_identification:_identify(ros_ws/data) by extension 'colcon_meta'
[0.765s] Level 1:colcon.colcon_core.package_identification:_identify(ros_ws/data) by extensions ['ros']
[0.765s] Level 1:colcon.colcon_core.package_identification:_identify(ros_ws/data) by extension 'ros'
[0.765s] Level 1:colcon.colcon_core.package_identification:_identify(ros_ws/data) by extensions ['cmake', 'python']
[0.765s] Level 1:colcon.colcon_core.package_identification:_identify(ros_ws/data) by extension 'cmake'
[0.765s] Level 1:colcon.colcon_core.package_identification:_identify(ros_ws/data) by extension 'python'
[0.765s] Level 1:colcon.colcon_core.package_identification:_identify(ros_ws/data) by extensions ['python_setup_py']
[0.765s] Level 1:colcon.colcon_core.package_identification:_identify(ros_ws/data) by extension 'python_setup_py'
[0.765s] Level 1:colcon.colcon_core.package_identification:_identify(ros_ws/data/sparsh_skin_demonstrations) by extensions ['ignore', 'ignore_ament_install']
[0.765s] Level 1:colcon.colcon_core.package_identification:_identify(ros_ws/data/sparsh_skin_demonstrations) by extension 'ignore'
[0.765s] Level 1:colcon.colcon_core.package_identification:_identify(ros_ws/data/sparsh_skin_demonstrations) by extension 'ignore_ament_install'
[0.765s] Level 1:colcon.colcon_core.package_identification:_identify(ros_ws/data/sparsh_skin_demonstrations) by extensions ['colcon_pkg']
[0.765s] Level 1:colcon.colcon_core.package_identification:_identify(ros_ws/data/sparsh_skin_demonstrations) by extension 'colcon_pkg'
[0.766s] Level 1:colcon.colcon_core.package_identification:_identify(ros_ws/data/sparsh_skin_demonstrations) by extensions ['colcon_meta']
[0.766s] Level 1:colcon.colcon_core.package_identification:_identify(ros_ws/data/sparsh_skin_demonstrations) by extension 'colcon_meta'
[0.766s] Level 1:colcon.colcon_core.package_identification:_identify(ros_ws/data/sparsh_skin_demonstrations) by extensions ['ros']
[0.766s] Level 1:colcon.colcon_core.package_identification:_identify(ros_ws/data/sparsh_skin_demonstrations) by extension 'ros'
[0.766s] Level 1:colcon.colcon_core.package_identification:_identify(ros_ws/data/sparsh_skin_demonstrations) by extensions ['cmake', 'python']
[0.766s] Level 1:colcon.colcon_core.package_identification:_identify(ros_ws/data/sparsh_skin_demonstrations) by extension 'cmake'
[0.766s] Level 1:colcon.colcon_core.package_identification:_identify(ros_ws/data/sparsh_skin_demonstrations) by extension 'python'
[0.766s] Level 1:colcon.colcon_core.package_identification:_identify(ros_ws/data/sparsh_skin_demonstrations) by extensions ['python_setup_py']
[0.766s] Level 1:colcon.colcon_core.package_identification:_identify(ros_ws/data/sparsh_skin_demonstrations) by extension 'python_setup_py'
[0.766s] Level 1:colcon.colcon_core.package_identification:_identify(ros_ws/data/sparsh_skin_demonstrations/ball_20260807_131316) by extensions ['ignore', 'ignore_ament_install']
[0.766s] Level 1:colcon.colcon_core.package_identification:_identify(ros_ws/data/sparsh_skin_demonstrations/ball_20260807_131316) by extension 'ignore'
[0.766s] Level 1:colcon.colcon_core.package_identification:_identify(ros_ws/data/sparsh_skin_demonstrations/ball_20260807_131316) by extension 'ignore_ament_install'
[0.767s] Level 1:colcon.colcon_core.package_identification:_identify(ros_ws/data/sparsh_skin_demonstrations/ball_20260807_131316) by extensions ['colcon_pkg']
[0.767s] Level 1:colcon.colcon_core.package_identification:_identify(ros_ws/data/sparsh_skin_demonstrations/ball_20260807_131316) by extension 'colcon_pkg'
[0.767s] Level 1:colcon.colcon_core.package_identification:_identify(ros_ws/data/sparsh_skin_demonstrations/ball_20260807_131316) by extensions ['colcon_meta']
[0.767s] Level 1:colcon.colcon_core.package_identification:_identify(ros_ws/data/sparsh_skin_demonstrations/ball_20260807_131316) by extension 'colcon_meta'
[0.767s] Level 1:colcon.colcon_core.package_identification:_identify(ros_ws/data/sparsh_skin_demonstrations/ball_20260807_131316) by extensions ['ros']
[0.767s] Level 1:colcon.colcon_core.package_identification:_identify(ros_ws/data/sparsh_skin_demonstrations/ball_20260807_131316) by extension 'ros'
[0.767s] Level 1:colcon.colcon_core.package_identification:_identify(ros_ws/data/sparsh_skin_demonstrations/ball_20260807_131316) by extensions ['cmake', 'python']
[0.767s] Level 1:colcon.colcon_core.package_identification:_identify(ros_ws/data/sparsh_skin_demonstrations/ball_20260807_131316) by extension 'cmake'
[0.767s] Level 1:colcon.colcon_core.package_identification:_identify(ros_ws/data/sparsh_skin_demonstrations/ball_20260807_131316) by extension 'python'
[0.767s] Level 1:colcon.colcon_core.package_identification:_identify(ros_ws/data/sparsh_skin_demonstrations/ball_20260807_131316) by extensions ['python_setup_py']
[0.767s] Level 1:colcon.colcon_core.package_identification:_identify(ros_ws/data/sparsh_skin_demonstrations/ball_20260807_131316) by extension 'python_setup_py'
[0.767s] Level 1:colcon.colcon_core.package_identification:_identify(ros_ws/data/sparsh_skin_demonstrations/ball_20260807_131316/rosbag) by extensions ['ignore', 'ignore_ament_install']
[0.767s] Level 1:colcon.colcon_core.package_identification:_identify(ros_ws/data/sparsh_skin_demonstrations/ball_20260807_131316/rosbag) by extension 'ignore'
[0.768s] Level 1:colcon.colcon_core.package_identification:_identify(ros_ws/data/sparsh_skin_demonstrations/ball_20260807_131316/rosbag) by extension 'ignore_ament_install'
[0.768s] Level 1:colcon.colcon_core.package_identification:_identify(ros_ws/data/sparsh_skin_demonstrations/ball_20260807_131316/rosbag) by extensions ['colcon_pkg']
[0.768s] Level 1:colcon.colcon_core.package_identification:_identify(ros_ws/data/sparsh_skin_demonstrations/ball_20260807_131316/rosbag) by extension 'colcon_pkg'
[0.768s] Level 1:colcon.colcon_core.package_identification:_identify(ros_ws/data/sparsh_skin_demonstrations/ball_20260807_131316/rosbag) by extensions ['colcon_meta']
[0.768s] Level 1:colcon.colcon_core.package_identification:_identify(ros_ws/data/sparsh_skin_demonstrations/ball_20260807_131316/rosbag) by extension 'colcon_meta'
[0.768s] Level 1:colcon.colcon_core.package_identification:_identify(ros_ws/data/sparsh_skin_demonstrations/ball_20260807_131316/rosbag) by extensions ['ros']
[0.768s] Level 1:colcon.colcon_core.package_identification:_identify(ros_ws/data/sparsh_skin_demonstrations/ball_20260807_131316/rosbag) by extension 'ros'
[0.768s] Level 1:colcon.colcon_core.package_identification:_identify(ros_ws/data/sparsh_skin_demonstrations/ball_20260807_131316/rosbag) by extensions ['cmake', 'python']
[0.768s] Level 1:colcon.colcon_core.package_identification:_identify(ros_ws/data/sparsh_skin_demonstrations/ball_20260807_131316/rosbag) by extension 'cmake'
[0.768s] Level 1:colcon.colcon_core.package_identification:_identify(ros_ws/data/sparsh_skin_demonstrations/ball_20260807_131316/rosbag) by extension 'python'
[0.768s] Level 1:colcon.colcon_core.package_identification:_identify(ros_ws/data/sparsh_skin_demonstrations/ball_20260807_131316/rosbag) by extensions ['python_setup_py']
[0.768s] Level 1:colcon.colcon_core.package_identification:_identify(ros_ws/data/sparsh_skin_demonstrations/ball_20260807_131316/rosbag) by extension 'python_setup_py'
[0.768s] Level 1:colcon.colcon_core.package_identification:_identify(ros_ws/data/sparsh_skin_demonstrations/baseline) by extensions ['ignore', 'ignore_ament_install']
[0.769s] Level 1:colcon.colcon_core.package_identification:_identify(ros_ws/data/sparsh_skin_demonstrations/baseline) by extension 'ignore'
[0.769s] Level 1:colcon.colcon_core.package_identification:_identify(ros_ws/data/sparsh_skin_demonstrations/baseline) by extension 'ignore_ament_install'
[0.769s] Level 1:colcon.colcon_core.package_identification:_identify(ros_ws/data/sparsh_skin_demonstrations/baseline) by extensions ['colcon_pkg']
[0.769s] Level 1:colcon.colcon_core.package_identification:_identify(ros_ws/data/sparsh_skin_demonstrations/baseline) by extension 'colcon_pkg'
[0.769s] Level 1:colcon.colcon_core.package_identification:_identify(ros_ws/data/sparsh_skin_demonstrations/baseline) by extensions ['colcon_meta']
[0.769s] Level 1:colcon.colcon_core.package_identification:_identify(ros_ws/data/sparsh_skin_demonstrations/baseline) by extension 'colcon_meta'
[0.769s] Level 1:colcon.colcon_core.package_identification:_identify(ros_ws/data/sparsh_skin_demonstrations/baseline) by extensions ['ros']
[0.769s] Level 1:colcon.colcon_core.package_identification:_identify(ros_ws/data/sparsh_skin_demonstrations/baseline) by extension 'ros'
[0.769s] Level 1:colcon.colcon_core.package_identification:_identify(ros_ws/data/sparsh_skin_demonstrations/baseline) by extensions ['cmake', 'python']
[0.769s] Level 1:colcon.colcon_core.package_identification:_identify(ros_ws/data/sparsh_skin_demonstrations/baseline) by extension 'cmake'
[0.769s] Level 1:colcon.colcon_core.package_identification:_identify(ros_ws/data/sparsh_skin_demonstrations/baseline) by extension 'python'
[0.769s] Level 1:colcon.colcon_core.package_identification:_identify(ros_ws/data/sparsh_skin_demonstrations/baseline) by extensions ['python_setup_py']
[0.769s] Level 1:colcon.colcon_core.package_identification:_identify(ros_ws/data/sparsh_skin_demonstrations/baseline) by extension 'python_setup_py'
[0.770s] Level 1:colcon.colcon_core.package_identification:_identify(ros_ws/data/sparsh_skin_demonstrations/baseline/1) by extensions ['ignore', 'ignore_ament_install']
[0.770s] Level 1:colcon.colcon_core.package_identification:_identify(ros_ws/data/sparsh_skin_demonstrations/baseline/1) by extension 'ignore'
[0.770s] Level 1:colcon.colcon_core.package_identification:_identify(ros_ws/data/sparsh_skin_demonstrations/baseline/1) by extension 'ignore_ament_install'
[0.770s] Level 1:colcon.colcon_core.package_identification:_identify(ros_ws/data/sparsh_skin_demonstrations/baseline/1) by extensions ['colcon_pkg']
[0.770s] Level 1:colcon.colcon_core.package_identification:_identify(ros_ws/data/sparsh_skin_demonstrations/baseline/1) by extension 'colcon_pkg'
[0.770s] Level 1:colcon.colcon_core.package_identification:_identify(ros_ws/data/sparsh_skin_demonstrations/baseline/1) by extensions ['colcon_meta']
[0.770s] Level 1:colcon.colcon_core.package_identification:_identify(ros_ws/data/sparsh_skin_demonstrations/baseline/1) by extension 'colcon_meta'
[0.770s] Level 1:colcon.colcon_core.package_identification:_identify(ros_ws/data/sparsh_skin_demonstrations/baseline/1) by extensions ['ros']
[0.770s] Level 1:colcon.colcon_core.package_identification:_identify(ros_ws/data/sparsh_skin_demonstrations/baseline/1) by extension 'ros'
[0.770s] Level 1:colcon.colcon_core.package_identification:_identify(ros_ws/data/sparsh_skin_demonstrations/baseline/1) by extensions ['cmake', 'python']
[0.770s] Level 1:colcon.colcon_core.package_identification:_identify(ros_ws/data/sparsh_skin_demonstrations/baseline/1) by extension 'cmake'
[0.770s] Level 1:colcon.colcon_core.package_identification:_identify(ros_ws/data/sparsh_skin_demonstrations/baseline/1) by extension 'python'
[0.770s] Level 1:colcon.colcon_core.package_identification:_identify(ros_ws/data/sparsh_skin_demonstrations/baseline/1) by extensions ['python_setup_py']
[0.771s] Level 1:colcon.colcon_core.package_identification:_identify(ros_ws/data/sparsh_skin_demonstrations/baseline/1) by extension 'python_setup_py'
[0.771s] Level 1:colcon.colcon_core.package_identification:_identify(ros_ws/data/sparsh_skin_demonstrations/baseline/1/2) by extensions ['ignore', 'ignore_ament_install']
[0.771s] Level 1:colcon.colcon_core.package_identification:_identify(ros_ws/data/sparsh_skin_demonstrations/baseline/1/2) by extension 'ignore'
[0.771s] Level 1:colcon.colcon_core.package_identification:_identify(ros_ws/data/sparsh_skin_demonstrations/baseline/1/2) by extension 'ignore_ament_install'
[0.771s] Level 1:colcon.colcon_core.package_identification:_identify(ros_ws/data/sparsh_skin_demonstrations/baseline/1/2) by extensions ['colcon_pkg']
[0.771s] Level 1:colcon.colcon_core.package_identification:_identify(ros_ws/data/sparsh_skin_demonstrations/baseline/1/2) by extension 'colcon_pkg'
[0.771s] Level 1:colcon.colcon_core.package_identification:_identify(ros_ws/data/sparsh_skin_demonstrations/baseline/1/2) by extensions ['colcon_meta']
[0.771s] Level 1:colcon.colcon_core.package_identification:_identify(ros_ws/data/sparsh_skin_demonstrations/baseline/1/2) by extension 'colcon_meta'
[0.771s] Level 1:colcon.colcon_core.package_identification:_identify(ros_ws/data/sparsh_skin_demonstrations/baseline/1/2) by extensions ['ros']
[0.771s] Level 1:colcon.colcon_core.package_identification:_identify(ros_ws/data/sparsh_skin_demonstrations/baseline/1/2) by extension 'ros'
[0.771s] Level 1:colcon.colcon_core.package_identification:_identify(ros_ws/data/sparsh_skin_demonstrations/baseline/1/2) by extensions ['cmake', 'python']
[0.771s] Level 1:colcon.colcon_core.package_identification:_identify(ros_ws/data/sparsh_skin_demonstrations/baseline/1/2) by extension 'cmake'
[0.772s] Level 1:colcon.colcon_core.package_identification:_identify(ros_ws/data/sparsh_skin_demonstrations/baseline/1/2) by extension 'python'
[0.772s] Level 1:colcon.colcon_core.package_identification:_identify(ros_ws/data/sparsh_skin_demonstrations/baseline/1/2) by extensions ['python_setup_py']
[0.772s] Level 1:colcon.colcon_core.package_identification:_identify(ros_ws/data/sparsh_skin_demonstrations/baseline/1/2) by extension 'python_setup_py'
[0.772s] Level 1:colcon.colcon_core.package_identification:_identify(ros_ws/data/sparsh_skin_demonstrations/baseline/1/2/rosbag) by extensions ['ignore', 'ignore_ament_install']
[0.772s] Level 1:colcon.colcon_core.package_identification:_identify(ros_ws/data/sparsh_skin_demonstrations/baseline/1/2/rosbag) by extension 'ignore'
[0.772s] Level 1:colcon.colcon_core.package_identification:_identify(ros_ws/data/sparsh_skin_demonstrations/baseline/1/2/rosbag) by extension 'ignore_ament_install'
[0.772s] Level 1:colcon.colcon_core.package_identification:_identify(ros_ws/data/sparsh_skin_demonstrations/baseline/1/2/rosbag) by extensions ['colcon_pkg']
[0.772s] Level 1:colcon.colcon_core.package_identification:_identify(ros_ws/data/sparsh_skin_demonstrations/baseline/1/2/rosbag) by extension 'colcon_pkg'
[0.772s] Level 1:colcon.colcon_core.package_identification:_identify(ros_ws/data/sparsh_skin_demonstrations/baseline/1/2/rosbag) by extensions ['colcon_meta']
[0.772s] Level 1:colcon.colcon_core.package_identification:_identify(ros_ws/data/sparsh_skin_demonstrations/baseline/1/2/rosbag) by extension 'colcon_meta'
[0.772s] Level 1:colcon.colcon_core.package_identification:_identify(ros_ws/data/sparsh_skin_demonstrations/baseline/1/2/rosbag) by extensions ['ros']
[0.772s] Level 1:colcon.colcon_core.package_identification:_identify(ros_ws/data/sparsh_skin_demonstrations/baseline/1/2/rosbag) by extension 'ros'
[0.773s] Level 1:colcon.colcon_core.package_identification:_identify(ros_ws/data/sparsh_skin_demonstrations/baseline/1/2/rosbag) by extensions ['cmake', 'python']
[0.773s] Level 1:colcon.colcon_core.package_identification:_identify(ros_ws/data/sparsh_skin_demonstrations/baseline/1/2/rosbag) by extension 'cmake'
[0.773s] Level 1:colcon.colcon_core.package_identification:_identify(ros_ws/data/sparsh_skin_demonstrations/baseline/1/2/rosbag) by extension 'python'
[0.773s] Level 1:colcon.colcon_core.package_identification:_identify(ros_ws/data/sparsh_skin_demonstrations/baseline/1/2/rosbag) by extensions ['python_setup_py']
[0.773s] Level 1:colcon.colcon_core.package_identification:_identify(ros_ws/data/sparsh_skin_demonstrations/baseline/1/2/rosbag) by extension 'python_setup_py'
[0.773s] Level 1:colcon.colcon_core.package_identification:_identify(ros_ws/data/sparsh_skin_demonstrations/baseline/1/3) by extensions ['ignore', 'ignore_ament_install']
[0.773s] Level 1:colcon.colcon_core.package_identification:_identify(ros_ws/data/sparsh_skin_demonstrations/baseline/1/3) by extension 'ignore'
[0.773s] Level 1:colcon.colcon_core.package_identification:_identify(ros_ws/data/sparsh_skin_demonstrations/baseline/1/3) by extension 'ignore_ament_install'
[0.773s] Level 1:colcon.colcon_core.package_identification:_identify(ros_ws/data/sparsh_skin_demonstrations/baseline/1/3) by extensions ['colcon_pkg']
[0.773s] Level 1:colcon.colcon_core.package_identification:_identify(ros_ws/data/sparsh_skin_demonstrations/baseline/1/3) by extension 'colcon_pkg'
[0.773s] Level 1:colcon.colcon_core.package_identification:_identify(ros_ws/data/sparsh_skin_demonstrations/baseline/1/3) by extensions ['colcon_meta']
[0.774s] Level 1:colcon.colcon_core.package_identification:_identify(ros_ws/data/sparsh_skin_demonstrations/baseline/1/3) by extension 'colcon_meta'
[0.774s] Level 1:colcon.colcon_core.package_identification:_identify(ros_ws/data/sparsh_skin_demonstrations/baseline/1/3) by extensions ['ros']
[0.774s] Level 1:colcon.colcon_core.package_identification:_identify(ros_ws/data/sparsh_skin_demonstrations/baseline/1/3) by extension 'ros'
[0.774s] Level 1:colcon.colcon_core.package_identification:_identify(ros_ws/data/sparsh_skin_demonstrations/baseline/1/3) by extensions ['cmake', 'python']
[0.774s] Level 1:colcon.colcon_core.package_identification:_identify(ros_ws/data/sparsh_skin_demonstrations/baseline/1/3) by extension 'cmake'
[0.774s] Level 1:colcon.colcon_core.package_identification:_identify(ros_ws/data/sparsh_skin_demonstrations/baseline/1/3) by extension 'python'
[0.774s] Level 1:colcon.colcon_core.package_identification:_identify(ros_ws/data/sparsh_skin_demonstrations/baseline/1/3) by extensions ['python_setup_py']
[0.774s] Level 1:colcon.colcon_core.package_identification:_identify(ros_ws/data/sparsh_skin_demonstrations/baseline/1/3) by extension 'python_setup_py'
[0.774s] Level 1:colcon.colcon_core.package_identification:_identify(ros_ws/data/sparsh_skin_demonstrations/baseline/1/3/rosbag) by extensions ['ignore', 'ignore_ament_install']
[0.774s] Level 1:colcon.colcon_core.package_identification:_identify(ros_ws/data/sparsh_skin_demonstrations/baseline/1/3/rosbag) by extension 'ignore'
[0.774s] Level 1:colcon.colcon_core.package_identification:_identify(ros_ws/data/sparsh_skin_demonstrations/baseline/1/3/rosbag) by extension 'ignore_ament_install'
[0.775s] Level 1:colcon.colcon_core.package_identification:_identify(ros_ws/data/sparsh_skin_demonstrations/baseline/1/3/rosbag) by extensions ['colcon_pkg']
[0.775s] Level 1:colcon.colcon_core.package_identification:_identify(ros_ws/data/sparsh_skin_demonstrations/baseline/1/3/rosbag) by extension 'colcon_pkg'
[0.775s] Level 1:colcon.colcon_core.package_identification:_identify(ros_ws/data/sparsh_skin_demonstrations/baseline/1/3/rosbag) by extensions ['colcon_meta']
[0.775s] Level 1:colcon.colcon_core.package_identification:_identify(ros_ws/data/sparsh_skin_demonstrations/baseline/1/3/rosbag) by extension 'colcon_meta'
[0.775s] Level 1:colcon.colcon_core.package_identification:_identify(ros_ws/data/sparsh_skin_demonstrations/baseline/1/3/rosbag) by extensions ['ros']
[0.775s] Level 1:colcon.colcon_core.package_identification:_identify(ros_ws/data/sparsh_skin_demonstrations/baseline/1/3/rosbag) by extension 'ros'
[0.775s] Level 1:colcon.colcon_core.package_identification:_identify(ros_ws/data/sparsh_skin_demonstrations/baseline/1/3/rosbag) by extensions ['cmake', 'python']
[0.775s] Level 1:colcon.colcon_core.package_identification:_identify(ros_ws/data/sparsh_skin_demonstrations/baseline/1/3/rosbag) by extension 'cmake'
[0.775s] Level 1:colcon.colcon_core.package_identification:_identify(ros_ws/data/sparsh_skin_demonstrations/baseline/1/3/rosbag) by extension 'python'
[0.775s] Level 1:colcon.colcon_core.package_identification:_identify(ros_ws/data/sparsh_skin_demonstrations/baseline/1/3/rosbag) by extensions ['python_setup_py']
[0.775s] Level 1:colcon.colcon_core.package_identification:_identify(ros_ws/data/sparsh_skin_demonstrations/baseline/1/3/rosbag) by extension 'python_setup_py'
[0.775s] Level 1:colcon.colcon_core.package_identification:_identify(ros_ws/install) by extensions ['ignore', 'ignore_ament_install']
[0.776s] Level 1:colcon.colcon_core.package_identification:_identify(ros_ws/install) by extension 'ignore'
[0.776s] Level 1:colcon.colcon_core.package_identification:_identify(ros_ws/install) ignored
[0.776s] Level 1:colcon.colcon_core.package_identification:_identify(ros_ws/log) by extensions ['ignore', 'ignore_ament_install']
[0.776s] Level 1:colcon.colcon_core.package_identification:_identify(ros_ws/log) by extension 'ignore'
[0.776s] Level 1:colcon.colcon_core.package_identification:_identify(ros_ws/log) ignored
[0.776s] Level 1:colcon.colcon_core.package_identification:_identify(ros_ws/src) by extensions ['ignore', 'ignore_ament_install']
[0.776s] Level 1:colcon.colcon_core.package_identification:_identify(ros_ws/src) by extension 'ignore'
[0.776s] Level 1:colcon.colcon_core.package_identification:_identify(ros_ws/src) by extension 'ignore_ament_install'
[0.776s] Level 1:colcon.colcon_core.package_identification:_identify(ros_ws/src) by extensions ['colcon_pkg']
[0.776s] Level 1:colcon.colcon_core.package_identification:_identify(ros_ws/src) by extension 'colcon_pkg'
[0.777s] Level 1:colcon.colcon_core.package_identification:_identify(ros_ws/src) by extensions ['colcon_meta']
[0.777s] Level 1:colcon.colcon_core.package_identification:_identify(ros_ws/src) by extension 'colcon_meta'
[0.777s] Level 1:colcon.colcon_core.package_identification:_identify(ros_ws/src) by extensions ['ros']
[0.777s] Level 1:colcon.colcon_core.package_identification:_identify(ros_ws/src) by extension 'ros'
[0.777s] Level 1:colcon.colcon_core.package_identification:_identify(ros_ws/src) by extensions ['cmake', 'python']
[0.777s] Level 1:colcon.colcon_core.package_identification:_identify(ros_ws/src) by extension 'cmake'
[0.777s] Level 1:colcon.colcon_core.package_identification:_identify(ros_ws/src) by extension 'python'
[0.777s] Level 1:colcon.colcon_core.package_identification:_identify(ros_ws/src) by extensions ['python_setup_py']
[0.777s] Level 1:colcon.colcon_core.package_identification:_identify(ros_ws/src) by extension 'python_setup_py'
[0.777s] Level 1:colcon.colcon_core.package_identification:_identify(ros_ws/src/LEAP_Hand_API) by extensions ['ignore', 'ignore_ament_install']
[0.778s] Level 1:colcon.colcon_core.package_identification:_identify(ros_ws/src/LEAP_Hand_API) by extension 'ignore'
[0.778s] Level 1:colcon.colcon_core.package_identification:_identify(ros_ws/src/LEAP_Hand_API) by extension 'ignore_ament_install'
[0.778s] Level 1:colcon.colcon_core.package_identification:_identify(ros_ws/src/LEAP_Hand_API) by extensions ['colcon_pkg']
[0.778s] Level 1:colcon.colcon_core.package_identification:_identify(ros_ws/src/LEAP_Hand_API) by extension 'colcon_pkg'
[0.778s] Level 1:colcon.colcon_core.package_identification:_identify(ros_ws/src/LEAP_Hand_API) by extensions ['colcon_meta']
[0.778s] Level 1:colcon.colcon_core.package_identification:_identify(ros_ws/src/LEAP_Hand_API) by extension 'colcon_meta'
[0.778s] Level 1:colcon.colcon_core.package_identification:_identify(ros_ws/src/LEAP_Hand_API) by extensions ['ros']
[0.778s] Level 1:colcon.colcon_core.package_identification:_identify(ros_ws/src/LEAP_Hand_API) by extension 'ros'
[0.778s] Level 1:colcon.colcon_core.package_identification:_identify(ros_ws/src/LEAP_Hand_API) by extensions ['cmake', 'python']
[0.778s] Level 1:colcon.colcon_core.package_identification:_identify(ros_ws/src/LEAP_Hand_API) by extension 'cmake'
[0.778s] Level 1:colcon.colcon_core.package_identification:_identify(ros_ws/src/LEAP_Hand_API) by extension 'python'
[0.778s] Level 1:colcon.colcon_core.package_identification:_identify(ros_ws/src/LEAP_Hand_API) by extensions ['python_setup_py']
[0.778s] Level 1:colcon.colcon_core.package_identification:_identify(ros_ws/src/LEAP_Hand_API) by extension 'python_setup_py'
[0.778s] Level 1:colcon.colcon_core.package_identification:_identify(ros_ws/src/LEAP_Hand_API/python) by extensions ['ignore', 'ignore_ament_install']
[0.779s] Level 1:colcon.colcon_core.package_identification:_identify(ros_ws/src/LEAP_Hand_API/python) by extension 'ignore'
[0.779s] Level 1:colcon.colcon_core.package_identification:_identify(ros_ws/src/LEAP_Hand_API/python) by extension 'ignore_ament_install'
[0.779s] Level 1:colcon.colcon_core.package_identification:_identify(ros_ws/src/LEAP_Hand_API/python) by extensions ['colcon_pkg']
[0.779s] Level 1:colcon.colcon_core.package_identification:_identify(ros_ws/src/LEAP_Hand_API/python) by extension 'colcon_pkg'
[0.779s] Level 1:colcon.colcon_core.package_identification:_identify(ros_ws/src/LEAP_Hand_API/python) by extensions ['colcon_meta']
[0.779s] Level 1:colcon.colcon_core.package_identification:_identify(ros_ws/src/LEAP_Hand_API/python) by extension 'colcon_meta'
[0.779s] Level 1:colcon.colcon_core.package_identification:_identify(ros_ws/src/LEAP_Hand_API/python) by extensions ['ros']
[0.779s] Level 1:colcon.colcon_core.package_identification:_identify(ros_ws/src/LEAP_Hand_API/python) by extension 'ros'
[0.779s] Level 1:colcon.colcon_core.package_identification:_identify(ros_ws/src/LEAP_Hand_API/python) by extensions ['cmake', 'python']
[0.779s] Level 1:colcon.colcon_core.package_identification:_identify(ros_ws/src/LEAP_Hand_API/python) by extension 'cmake'
[0.779s] Level 1:colcon.colcon_core.package_identification:_identify(ros_ws/src/LEAP_Hand_API/python) by extension 'python'
[0.779s] Level 1:colcon.colcon_core.package_identification:_identify(ros_ws/src/LEAP_Hand_API/python) by extensions ['python_setup_py']
[0.779s] Level 1:colcon.colcon_core.package_identification:_identify(ros_ws/src/LEAP_Hand_API/python) by extension 'python_setup_py'
[0.780s] Level 1:colcon.colcon_core.package_identification:_identify(ros_ws/src/LEAP_Hand_API/python/__pycache__) by extensions ['ignore', 'ignore_ament_install']
[0.780s] Level 1:colcon.colcon_core.package_identification:_identify(ros_ws/src/LEAP_Hand_API/python/__pycache__) by extension 'ignore'
[0.780s] Level 1:colcon.colcon_core.package_identification:_identify(ros_ws/src/LEAP_Hand_API/python/__pycache__) by extension 'ignore_ament_install'
[0.780s] Level 1:colcon.colcon_core.package_identification:_identify(ros_ws/src/LEAP_Hand_API/python/__pycache__) by extensions ['colcon_pkg']
[0.780s] Level 1:colcon.colcon_core.package_identification:_identify(ros_ws/src/LEAP_Hand_API/python/__pycache__) by extension 'colcon_pkg'
[0.780s] Level 1:colcon.colcon_core.package_identification:_identify(ros_ws/src/LEAP_Hand_API/python/__pycache__) by extensions ['colcon_meta']
[0.780s] Level 1:colcon.colcon_core.package_identification:_identify(ros_ws/src/LEAP_Hand_API/python/__pycache__) by extension 'colcon_meta'
[0.780s] Level 1:colcon.colcon_core.package_identification:_identify(ros_ws/src/LEAP_Hand_API/python/__pycache__) by extensions ['ros']
[0.780s] Level 1:colcon.colcon_core.package_identification:_identify(ros_ws/src/LEAP_Hand_API/python/__pycache__) by extension 'ros'
[0.780s] Level 1:colcon.colcon_core.package_identification:_identify(ros_ws/src/LEAP_Hand_API/python/__pycache__) by extensions ['cmake', 'python']
[0.780s] Level 1:colcon.colcon_core.package_identification:_identify(ros_ws/src/LEAP_Hand_API/python/__pycache__) by extension 'cmake'
[0.781s] Level 1:colcon.colcon_core.package_identification:_identify(ros_ws/src/LEAP_Hand_API/python/__pycache__) by extension 'python'
[0.781s] Level 1:colcon.colcon_core.package_identification:_identify(ros_ws/src/LEAP_Hand_API/python/__pycache__) by extensions ['python_setup_py']
[0.781s] Level 1:colcon.colcon_core.package_identification:_identify(ros_ws/src/LEAP_Hand_API/python/__pycache__) by extension 'python_setup_py'
[0.781s] Level 1:colcon.colcon_core.package_identification:_identify(ros_ws/src/LEAP_Hand_API/python/leap_hand_utils) by extensions ['ignore', 'ignore_ament_install']
[0.781s] Level 1:colcon.colcon_core.package_identification:_identify(ros_ws/src/LEAP_Hand_API/python/leap_hand_utils) by extension 'ignore'
[0.781s] Level 1:colcon.colcon_core.package_identification:_identify(ros_ws/src/LEAP_Hand_API/python/leap_hand_utils) by extension 'ignore_ament_install'
[0.781s] Level 1:colcon.colcon_core.package_identification:_identify(ros_ws/src/LEAP_Hand_API/python/leap_hand_utils) by extensions ['colcon_pkg']
[0.781s] Level 1:colcon.colcon_core.package_identification:_identify(ros_ws/src/LEAP_Hand_API/python/leap_hand_utils) by extension 'colcon_pkg'
[0.781s] Level 1:colcon.colcon_core.package_identification:_identify(ros_ws/src/LEAP_Hand_API/python/leap_hand_utils) by extensions ['colcon_meta']
[0.781s] Level 1:colcon.colcon_core.package_identification:_identify(ros_ws/src/LEAP_Hand_API/python/leap_hand_utils) by extension 'colcon_meta'
[0.782s] Level 1:colcon.colcon_core.package_identification:_identify(ros_ws/src/LEAP_Hand_API/python/leap_hand_utils) by extensions ['ros']
[0.782s] Level 1:colcon.colcon_core.package_identification:_identify(ros_ws/src/LEAP_Hand_API/python/leap_hand_utils) by extension 'ros'
[0.782s] Level 1:colcon.colcon_core.package_identification:_identify(ros_ws/src/LEAP_Hand_API/python/leap_hand_utils) by extensions ['cmake', 'python']
[0.782s] Level 1:colcon.colcon_core.package_identification:_identify(ros_ws/src/LEAP_Hand_API/python/leap_hand_utils) by extension 'cmake'
[0.782s] Level 1:colcon.colcon_core.package_identification:_identify(ros_ws/src/LEAP_Hand_API/python/leap_hand_utils) by extension 'python'
[0.782s] Level 1:colcon.colcon_core.package_identification:_identify(ros_ws/src/LEAP_Hand_API/python/leap_hand_utils) by extensions ['python_setup_py']
[0.782s] Level 1:colcon.colcon_core.package_identification:_identify(ros_ws/src/LEAP_Hand_API/python/leap_hand_utils) by extension 'python_setup_py'
[0.782s] Level 1:colcon.colcon_core.package_identification:_identify(ros_ws/src/LEAP_Hand_API/python/leap_hand_utils/__pycache__) by extensions ['ignore', 'ignore_ament_install']
[0.782s] Level 1:colcon.colcon_core.package_identification:_identify(ros_ws/src/LEAP_Hand_API/python/leap_hand_utils/__pycache__) by extension 'ignore'
[0.782s] Level 1:colcon.colcon_core.package_identification:_identify(ros_ws/src/LEAP_Hand_API/python/leap_hand_utils/__pycache__) by extension 'ignore_ament_install'
[0.783s] Level 1:colcon.colcon_core.package_identification:_identify(ros_ws/src/LEAP_Hand_API/python/leap_hand_utils/__pycache__) by extensions ['colcon_pkg']
[0.783s] Level 1:colcon.colcon_core.package_identification:_identify(ros_ws/src/LEAP_Hand_API/python/leap_hand_utils/__pycache__) by extension 'colcon_pkg'
[0.783s] Level 1:colcon.colcon_core.package_identification:_identify(ros_ws/src/LEAP_Hand_API/python/leap_hand_utils/__pycache__) by extensions ['colcon_meta']
[0.783s] Level 1:colcon.colcon_core.package_identification:_identify(ros_ws/src/LEAP_Hand_API/python/leap_hand_utils/__pycache__) by extension 'colcon_meta'
[0.783s] Level 1:colcon.colcon_core.package_identification:_identify(ros_ws/src/LEAP_Hand_API/python/leap_hand_utils/__pycache__) by extensions ['ros']
[0.783s] Level 1:colcon.colcon_core.package_identification:_identify(ros_ws/src/LEAP_Hand_API/python/leap_hand_utils/__pycache__) by extension 'ros'
[0.783s] Level 1:colcon.colcon_core.package_identification:_identify(ros_ws/src/LEAP_Hand_API/python/leap_hand_utils/__pycache__) by extensions ['cmake', 'python']
[0.783s] Level 1:colcon.colcon_core.package_identification:_identify(ros_ws/src/LEAP_Hand_API/python/leap_hand_utils/__pycache__) by extension 'cmake'
[0.783s] Level 1:colcon.colcon_core.package_identification:_identify(ros_ws/src/LEAP_Hand_API/python/leap_hand_utils/__pycache__) by extension 'python'
[0.783s] Level 1:colcon.colcon_core.package_identification:_identify(ros_ws/src/LEAP_Hand_API/python/leap_hand_utils/__pycache__) by extensions ['python_setup_py']
[0.783s] Level 1:colcon.colcon_core.package_identification:_identify(ros_ws/src/LEAP_Hand_API/python/leap_hand_utils/__pycache__) by extension 'python_setup_py'
[0.783s] Level 1:colcon.colcon_core.package_identification:_identify(ros_ws/src/LEAP_Hand_API/ros2_module) by extensions ['ignore', 'ignore_ament_install']
[0.784s] Level 1:colcon.colcon_core.package_identification:_identify(ros_ws/src/LEAP_Hand_API/ros2_module) by extension 'ignore'
[0.784s] Level 1:colcon.colcon_core.package_identification:_identify(ros_ws/src/LEAP_Hand_API/ros2_module) by extension 'ignore_ament_install'
[0.784s] Level 1:colcon.colcon_core.package_identification:_identify(ros_ws/src/LEAP_Hand_API/ros2_module) by extensions ['colcon_pkg']
[0.784s] Level 1:colcon.colcon_core.package_identification:_identify(ros_ws/src/LEAP_Hand_API/ros2_module) by extension 'colcon_pkg'
[0.784s] Level 1:colcon.colcon_core.package_identification:_identify(ros_ws/src/LEAP_Hand_API/ros2_module) by extensions ['colcon_meta']
[0.784s] Level 1:colcon.colcon_core.package_identification:_identify(ros_ws/src/LEAP_Hand_API/ros2_module) by extension 'colcon_meta'
[0.784s] Level 1:colcon.colcon_core.package_identification:_identify(ros_ws/src/LEAP_Hand_API/ros2_module) by extensions ['ros']
[0.784s] Level 1:colcon.colcon_core.package_identification:_identify(ros_ws/src/LEAP_Hand_API/ros2_module) by extension 'ros'
[0.790s] DEBUG:colcon.colcon_core.package_identification:Package 'ros_ws/src/LEAP_Hand_API/ros2_module' with type 'ros.ament_cmake' and name 'leap_hand'
[0.790s] Level 1:colcon.colcon_core.package_identification:_identify(ros_ws/src/LEAP_Hand_API/useful_tools) by extensions ['ignore', 'ignore_ament_install']
[0.791s] Level 1:colcon.colcon_core.package_identification:_identify(ros_ws/src/LEAP_Hand_API/useful_tools) by extension 'ignore'
[0.791s] Level 1:colcon.colcon_core.package_identification:_identify(ros_ws/src/LEAP_Hand_API/useful_tools) by extension 'ignore_ament_install'
[0.791s] Level 1:colcon.colcon_core.package_identification:_identify(ros_ws/src/LEAP_Hand_API/useful_tools) by extensions ['colcon_pkg']
[0.791s] Level 1:colcon.colcon_core.package_identification:_identify(ros_ws/src/LEAP_Hand_API/useful_tools) by extension 'colcon_pkg'
[0.791s] Level 1:colcon.colcon_core.package_identification:_identify(ros_ws/src/LEAP_Hand_API/useful_tools) by extensions ['colcon_meta']
[0.791s] Level 1:colcon.colcon_core.package_identification:_identify(ros_ws/src/LEAP_Hand_API/useful_tools) by extension 'colcon_meta'
[0.791s] Level 1:colcon.colcon_core.package_identification:_identify(ros_ws/src/LEAP_Hand_API/useful_tools) by extensions ['ros']
[0.791s] Level 1:colcon.colcon_core.package_identification:_identify(ros_ws/src/LEAP_Hand_API/useful_tools) by extension 'ros'
[0.791s] Level 1:colcon.colcon_core.package_identification:_identify(ros_ws/src/LEAP_Hand_API/useful_tools) by extensions ['cmake', 'python']
[0.791s] Level 1:colcon.colcon_core.package_identification:_identify(ros_ws/src/LEAP_Hand_API/useful_tools) by extension 'cmake'
[0.791s] Level 1:colcon.colcon_core.package_identification:_identify(ros_ws/src/LEAP_Hand_API/useful_tools) by extension 'python'
[0.792s] Level 1:colcon.colcon_core.package_identification:_identify(ros_ws/src/LEAP_Hand_API/useful_tools) by extensions ['python_setup_py']
[0.792s] Level 1:colcon.colcon_core.package_identification:_identify(ros_ws/src/LEAP_Hand_API/useful_tools) by extension 'python_setup_py'
[0.792s] Level 1:colcon.colcon_core.package_identification:_identify(ros_ws/src/arm_server) by extensions ['ignore', 'ignore_ament_install']
[0.792s] Level 1:colcon.colcon_core.package_identification:_identify(ros_ws/src/arm_server) by extension 'ignore'
[0.792s] Level 1:colcon.colcon_core.package_identification:_identify(ros_ws/src/arm_server) by extension 'ignore_ament_install'
[0.792s] Level 1:colcon.colcon_core.package_identification:_identify(ros_ws/src/arm_server) by extensions ['colcon_pkg']
[0.792s] Level 1:colcon.colcon_core.package_identification:_identify(ros_ws/src/arm_server) by extension 'colcon_pkg'
[0.792s] Level 1:colcon.colcon_core.package_identification:_identify(ros_ws/src/arm_server) by extensions ['colcon_meta']
[0.792s] Level 1:colcon.colcon_core.package_identification:_identify(ros_ws/src/arm_server) by extension 'colcon_meta'
[0.792s] Level 1:colcon.colcon_core.package_identification:_identify(ros_ws/src/arm_server) by extensions ['ros']
[0.793s] Level 1:colcon.colcon_core.package_identification:_identify(ros_ws/src/arm_server) by extension 'ros'
[0.795s] DEBUG:colcon.colcon_core.package_identification:Package 'ros_ws/src/arm_server' with type 'ros.ament_cmake' and name 'arm_server'
[0.795s] Level 1:colcon.colcon_core.package_identification:_identify(ros_ws/src/build) by extensions ['ignore', 'ignore_ament_install']
[0.795s] Level 1:colcon.colcon_core.package_identification:_identify(ros_ws/src/build) by extension 'ignore'
[0.796s] Level 1:colcon.colcon_core.package_identification:_identify(ros_ws/src/build) ignored
[0.796s] Level 1:colcon.colcon_core.package_identification:_identify(ros_ws/src/hello) by extensions ['ignore', 'ignore_ament_install']
[0.796s] Level 1:colcon.colcon_core.package_identification:_identify(ros_ws/src/hello) by extension 'ignore'
[0.796s] Level 1:colcon.colcon_core.package_identification:_identify(ros_ws/src/hello) by extension 'ignore_ament_install'
[0.796s] Level 1:colcon.colcon_core.package_identification:_identify(ros_ws/src/hello) by extensions ['colcon_pkg']
[0.796s] Level 1:colcon.colcon_core.package_identification:_identify(ros_ws/src/hello) by extension 'colcon_pkg'
[0.796s] Level 1:colcon.colcon_core.package_identification:_identify(ros_ws/src/hello) by extensions ['colcon_meta']
[0.796s] Level 1:colcon.colcon_core.package_identification:_identify(ros_ws/src/hello) by extension 'colcon_meta'
[0.796s] Level 1:colcon.colcon_core.package_identification:_identify(ros_ws/src/hello) by extensions ['ros']
[0.797s] Level 1:colcon.colcon_core.package_identification:_identify(ros_ws/src/hello) by extension 'ros'
[0.798s] DEBUG:colcon.colcon_core.package_identification:Package 'ros_ws/src/hello' with type 'ros.ament_python' and name 'hello'
[0.798s] Level 1:colcon.colcon_core.package_identification:_identify(ros_ws/src/install) by extensions ['ignore', 'ignore_ament_install']
[0.798s] Level 1:colcon.colcon_core.package_identification:_identify(ros_ws/src/install) by extension 'ignore'
[0.798s] Level 1:colcon.colcon_core.package_identification:_identify(ros_ws/src/install) ignored
[0.798s] Level 1:colcon.colcon_core.package_identification:_identify(ros_ws/src/leap_description) by extensions ['ignore', 'ignore_ament_install']
[0.799s] Level 1:colcon.colcon_core.package_identification:_identify(ros_ws/src/leap_description) by extension 'ignore'
[0.799s] Level 1:colcon.colcon_core.package_identification:_identify(ros_ws/src/leap_description) by extension 'ignore_ament_install'
[0.799s] Level 1:colcon.colcon_core.package_identification:_identify(ros_ws/src/leap_description) by extensions ['colcon_pkg']
[0.799s] Level 1:colcon.colcon_core.package_identification:_identify(ros_ws/src/leap_description) by extension 'colcon_pkg'
[0.799s] Level 1:colcon.colcon_core.package_identification:_identify(ros_ws/src/leap_description) by extensions ['colcon_meta']
[0.799s] Level 1:colcon.colcon_core.package_identification:_identify(ros_ws/src/leap_description) by extension 'colcon_meta'
[0.799s] Level 1:colcon.colcon_core.package_identification:_identify(ros_ws/src/leap_description) by extensions ['ros']
[0.799s] Level 1:colcon.colcon_core.package_identification:_identify(ros_ws/src/leap_description) by extension 'ros'
[0.800s] DEBUG:colcon.colcon_core.package_identification:Package 'ros_ws/src/leap_description' with type 'ros.ament_python' and name 'leap_description'
[0.800s] Level 1:colcon.colcon_core.package_identification:_identify(ros_ws/src/leap_to_leapXela) by extensions ['ignore', 'ignore_ament_install']
[0.800s] Level 1:colcon.colcon_core.package_identification:_identify(ros_ws/src/leap_to_leapXela) by extension 'ignore'
[0.801s] Level 1:colcon.colcon_core.package_identification:_identify(ros_ws/src/leap_to_leapXela) by extension 'ignore_ament_install'
[0.801s] Level 1:colcon.colcon_core.package_identification:_identify(ros_ws/src/leap_to_leapXela) by extensions ['colcon_pkg']
[0.801s] Level 1:colcon.colcon_core.package_identification:_identify(ros_ws/src/leap_to_leapXela) by extension 'colcon_pkg'
[0.801s] Level 1:colcon.colcon_core.package_identification:_identify(ros_ws/src/leap_to_leapXela) by extensions ['colcon_meta']
[0.801s] Level 1:colcon.colcon_core.package_identification:_identify(ros_ws/src/leap_to_leapXela) by extension 'colcon_meta'
[0.801s] Level 1:colcon.colcon_core.package_identification:_identify(ros_ws/src/leap_to_leapXela) by extensions ['ros']
[0.801s] Level 1:colcon.colcon_core.package_identification:_identify(ros_ws/src/leap_to_leapXela) by extension 'ros'
[0.802s] DEBUG:colcon.colcon_core.package_identification:Package 'ros_ws/src/leap_to_leapXela' with type 'ros.ament_python' and name 'leap_to_leapXela'
[0.803s] Level 1:colcon.colcon_core.package_identification:_identify(ros_ws/src/log) by extensions ['ignore', 'ignore_ament_install']
[0.803s] Level 1:colcon.colcon_core.package_identification:_identify(ros_ws/src/log) by extension 'ignore'
[0.803s] Level 1:colcon.colcon_core.package_identification:_identify(ros_ws/src/log) ignored
[0.803s] Level 1:colcon.colcon_core.package_identification:_identify(ros_ws/src/multipanda_ros2) by extensions ['ignore', 'ignore_ament_install']
[0.803s] Level 1:colcon.colcon_core.package_identification:_identify(ros_ws/src/multipanda_ros2) by extension 'ignore'
[0.803s] Level 1:colcon.colcon_core.package_identification:_identify(ros_ws/src/multipanda_ros2) by extension 'ignore_ament_install'
[0.804s] Level 1:colcon.colcon_core.package_identification:_identify(ros_ws/src/multipanda_ros2) by extensions ['colcon_pkg']
[0.804s] Level 1:colcon.colcon_core.package_identification:_identify(ros_ws/src/multipanda_ros2) by extension 'colcon_pkg'
[0.804s] Level 1:colcon.colcon_core.package_identification:_identify(ros_ws/src/multipanda_ros2) by extensions ['colcon_meta']
[0.804s] Level 1:colcon.colcon_core.package_identification:_identify(ros_ws/src/multipanda_ros2) by extension 'colcon_meta'
[0.804s] Level 1:colcon.colcon_core.package_identification:_identify(ros_ws/src/multipanda_ros2) by extensions ['ros']
[0.804s] Level 1:colcon.colcon_core.package_identification:_identify(ros_ws/src/multipanda_ros2) by extension 'ros'
[0.804s] Level 1:colcon.colcon_core.package_identification:_identify(ros_ws/src/multipanda_ros2) by extensions ['cmake', 'python']
[0.804s] Level 1:colcon.colcon_core.package_identification:_identify(ros_ws/src/multipanda_ros2) by extension 'cmake'
[0.804s] Level 1:colcon.colcon_core.package_identification:_identify(ros_ws/src/multipanda_ros2) by extension 'python'
[0.804s] Level 1:colcon.colcon_core.package_identification:_identify(ros_ws/src/multipanda_ros2) by extensions ['python_setup_py']
[0.804s] Level 1:colcon.colcon_core.package_identification:_identify(ros_ws/src/multipanda_ros2) by extension 'python_setup_py'
[0.805s] Level 1:colcon.colcon_core.package_identification:_identify(ros_ws/src/multipanda_ros2/docs) by extensions ['ignore', 'ignore_ament_install']
[0.805s] Level 1:colcon.colcon_core.package_identification:_identify(ros_ws/src/multipanda_ros2/docs) by extension 'ignore'
[0.805s] Level 1:colcon.colcon_core.package_identification:_identify(ros_ws/src/multipanda_ros2/docs) by extension 'ignore_ament_install'
[0.805s] Level 1:colcon.colcon_core.package_identification:_identify(ros_ws/src/multipanda_ros2/docs) by extensions ['colcon_pkg']
[0.805s] Level 1:colcon.colcon_core.package_identification:_identify(ros_ws/src/multipanda_ros2/docs) by extension 'colcon_pkg'
[0.805s] Level 1:colcon.colcon_core.package_identification:_identify(ros_ws/src/multipanda_ros2/docs) by extensions ['colcon_meta']
[0.805s] Level 1:colcon.colcon_core.package_identification:_identify(ros_ws/src/multipanda_ros2/docs) by extension 'colcon_meta'
[0.805s] Level 1:colcon.colcon_core.package_identification:_identify(ros_ws/src/multipanda_ros2/docs) by extensions ['ros']
[0.805s] Level 1:colcon.colcon_core.package_identification:_identify(ros_ws/src/multipanda_ros2/docs) by extension 'ros'
[0.805s] Level 1:colcon.colcon_core.package_identification:_identify(ros_ws/src/multipanda_ros2/docs) by extensions ['cmake', 'python']
[0.805s] Level 1:colcon.colcon_core.package_identification:_identify(ros_ws/src/multipanda_ros2/docs) by extension 'cmake'
[0.805s] Level 1:colcon.colcon_core.package_identification:_identify(ros_ws/src/multipanda_ros2/docs) by extension 'python'
[0.806s] Level 1:colcon.colcon_core.package_identification:_identify(ros_ws/src/multipanda_ros2/docs) by extensions ['python_setup_py']
[0.806s] Level 1:colcon.colcon_core.package_identification:_identify(ros_ws/src/multipanda_ros2/docs) by extension 'python_setup_py'
[0.806s] Level 1:colcon.colcon_core.package_identification:_identify(ros_ws/src/multipanda_ros2/docs/chapters) by extensions ['ignore', 'ignore_ament_install']
[0.806s] Level 1:colcon.colcon_core.package_identification:_identify(ros_ws/src/multipanda_ros2/docs/chapters) by extension 'ignore'
[0.806s] Level 1:colcon.colcon_core.package_identification:_identify(ros_ws/src/multipanda_ros2/docs/chapters) by extension 'ignore_ament_install'
[0.806s] Level 1:colcon.colcon_core.package_identification:_identify(ros_ws/src/multipanda_ros2/docs/chapters) by extensions ['colcon_pkg']
[0.806s] Level 1:colcon.colcon_core.package_identification:_identify(ros_ws/src/multipanda_ros2/docs/chapters) by extension 'colcon_pkg'
[0.806s] Level 1:colcon.colcon_core.package_identification:_identify(ros_ws/src/multipanda_ros2/docs/chapters) by extensions ['colcon_meta']
[0.806s] Level 1:colcon.colcon_core.package_identification:_identify(ros_ws/src/multipanda_ros2/docs/chapters) by extension 'colcon_meta'
[0.806s] Level 1:colcon.colcon_core.package_identification:_identify(ros_ws/src/multipanda_ros2/docs/chapters) by extensions ['ros']
[0.807s] Level 1:colcon.colcon_core.package_identification:_identify(ros_ws/src/multipanda_ros2/docs/chapters) by extension 'ros'
[0.807s] Level 1:colcon.colcon_core.package_identification:_identify(ros_ws/src/multipanda_ros2/docs/chapters) by extensions ['cmake', 'python']
[0.807s] Level 1:colcon.colcon_core.package_identification:_identify(ros_ws/src/multipanda_ros2/docs/chapters) by extension 'cmake'
[0.807s] Level 1:colcon.colcon_core.package_identification:_identify(ros_ws/src/multipanda_ros2/docs/chapters) by extension 'python'
[0.807s] Level 1:colcon.colcon_core.package_identification:_identify(ros_ws/src/multipanda_ros2/docs/chapters) by extensions ['python_setup_py']
[0.807s] Level 1:colcon.colcon_core.package_identification:_identify(ros_ws/src/multipanda_ros2/docs/chapters) by extension 'python_setup_py'
[0.807s] Level 1:colcon.colcon_core.package_identification:_identify(ros_ws/src/multipanda_ros2/docs/example_scripts) by extensions ['ignore', 'ignore_ament_install']
[0.807s] Level 1:colcon.colcon_core.package_identification:_identify(ros_ws/src/multipanda_ros2/docs/example_scripts) by extension 'ignore'
[0.807s] Level 1:colcon.colcon_core.package_identification:_identify(ros_ws/src/multipanda_ros2/docs/example_scripts) by extension 'ignore_ament_install'
[0.807s] Level 1:colcon.colcon_core.package_identification:_identify(ros_ws/src/multipanda_ros2/docs/example_scripts) by extensions ['colcon_pkg']
[0.807s] Level 1:colcon.colcon_core.package_identification:_identify(ros_ws/src/multipanda_ros2/docs/example_scripts) by extension 'colcon_pkg'
[0.808s] Level 1:colcon.colcon_core.package_identification:_identify(ros_ws/src/multipanda_ros2/docs/example_scripts) by extensions ['colcon_meta']
[0.808s] Level 1:colcon.colcon_core.package_identification:_identify(ros_ws/src/multipanda_ros2/docs/example_scripts) by extension 'colcon_meta'
[0.808s] Level 1:colcon.colcon_core.package_identification:_identify(ros_ws/src/multipanda_ros2/docs/example_scripts) by extensions ['ros']
[0.808s] Level 1:colcon.colcon_core.package_identification:_identify(ros_ws/src/multipanda_ros2/docs/example_scripts) by extension 'ros'
[0.808s] Level 1:colcon.colcon_core.package_identification:_identify(ros_ws/src/multipanda_ros2/docs/example_scripts) by extensions ['cmake', 'python']
[0.808s] Level 1:colcon.colcon_core.package_identification:_identify(ros_ws/src/multipanda_ros2/docs/example_scripts) by extension 'cmake'
[0.808s] Level 1:colcon.colcon_core.package_identification:_identify(ros_ws/src/multipanda_ros2/docs/example_scripts) by extension 'python'
[0.808s] Level 1:colcon.colcon_core.package_identification:_identify(ros_ws/src/multipanda_ros2/docs/example_scripts) by extensions ['python_setup_py']
[0.808s] Level 1:colcon.colcon_core.package_identification:_identify(ros_ws/src/multipanda_ros2/docs/example_scripts) by extension 'python_setup_py'
[0.808s] Level 1:colcon.colcon_core.package_identification:_identify(ros_ws/src/multipanda_ros2/docs/images) by extensions ['ignore', 'ignore_ament_install']
[0.808s] Level 1:colcon.colcon_core.package_identification:_identify(ros_ws/src/multipanda_ros2/docs/images) by extension 'ignore'
[0.809s] Level 1:colcon.colcon_core.package_identification:_identify(ros_ws/src/multipanda_ros2/docs/images) by extension 'ignore_ament_install'
[0.809s] Level 1:colcon.colcon_core.package_identification:_identify(ros_ws/src/multipanda_ros2/docs/images) by extensions ['colcon_pkg']
[0.809s] Level 1:colcon.colcon_core.package_identification:_identify(ros_ws/src/multipanda_ros2/docs/images) by extension 'colcon_pkg'
[0.809s] Level 1:colcon.colcon_core.package_identification:_identify(ros_ws/src/multipanda_ros2/docs/images) by extensions ['colcon_meta']
[0.809s] Level 1:colcon.colcon_core.package_identification:_identify(ros_ws/src/multipanda_ros2/docs/images) by extension 'colcon_meta'
[0.809s] Level 1:colcon.colcon_core.package_identification:_identify(ros_ws/src/multipanda_ros2/docs/images) by extensions ['ros']
[0.809s] Level 1:colcon.colcon_core.package_identification:_identify(ros_ws/src/multipanda_ros2/docs/images) by extension 'ros'
[0.809s] Level 1:colcon.colcon_core.package_identification:_identify(ros_ws/src/multipanda_ros2/docs/images) by extensions ['cmake', 'python']
[0.809s] Level 1:colcon.colcon_core.package_identification:_identify(ros_ws/src/multipanda_ros2/docs/images) by extension 'cmake'
[0.809s] Level 1:colcon.colcon_core.package_identification:_identify(ros_ws/src/multipanda_ros2/docs/images) by extension 'python'
[0.809s] Level 1:colcon.colcon_core.package_identification:_identify(ros_ws/src/multipanda_ros2/docs/images) by extensions ['python_setup_py']
[0.809s] Level 1:colcon.colcon_core.package_identification:_identify(ros_ws/src/multipanda_ros2/docs/images) by extension 'python_setup_py'
[0.810s] Level 1:colcon.colcon_core.package_identification:_identify(ros_ws/src/multipanda_ros2/franka_bringup) by extensions ['ignore', 'ignore_ament_install']
[0.810s] Level 1:colcon.colcon_core.package_identification:_identify(ros_ws/src/multipanda_ros2/franka_bringup) by extension 'ignore'
[0.810s] Level 1:colcon.colcon_core.package_identification:_identify(ros_ws/src/multipanda_ros2/franka_bringup) by extension 'ignore_ament_install'
[0.810s] Level 1:colcon.colcon_core.package_identification:_identify(ros_ws/src/multipanda_ros2/franka_bringup) by extensions ['colcon_pkg']
[0.810s] Level 1:colcon.colcon_core.package_identification:_identify(ros_ws/src/multipanda_ros2/franka_bringup) by extension 'colcon_pkg'
[0.810s] Level 1:colcon.colcon_core.package_identification:_identify(ros_ws/src/multipanda_ros2/franka_bringup) by extensions ['colcon_meta']
[0.810s] Level 1:colcon.colcon_core.package_identification:_identify(ros_ws/src/multipanda_ros2/franka_bringup) by extension 'colcon_meta'
[0.810s] Level 1:colcon.colcon_core.package_identification:_identify(ros_ws/src/multipanda_ros2/franka_bringup) by extensions ['ros']
[0.810s] Level 1:colcon.colcon_core.package_identification:_identify(ros_ws/src/multipanda_ros2/franka_bringup) by extension 'ros'
[0.812s] DEBUG:colcon.colcon_core.package_identification:Package 'ros_ws/src/multipanda_ros2/franka_bringup' with type 'ros.ament_cmake' and name 'franka_bringup'
[0.812s] Level 1:colcon.colcon_core.package_identification:_identify(ros_ws/src/multipanda_ros2/franka_control2) by extensions ['ignore', 'ignore_ament_install']
[0.812s] Level 1:colcon.colcon_core.package_identification:_identify(ros_ws/src/multipanda_ros2/franka_control2) by extension 'ignore'
[0.812s] Level 1:colcon.colcon_core.package_identification:_identify(ros_ws/src/multipanda_ros2/franka_control2) by extension 'ignore_ament_install'
[0.812s] Level 1:colcon.colcon_core.package_identification:_identify(ros_ws/src/multipanda_ros2/franka_control2) by extensions ['colcon_pkg']
[0.813s] Level 1:colcon.colcon_core.package_identification:_identify(ros_ws/src/multipanda_ros2/franka_control2) by extension 'colcon_pkg'
[0.813s] Level 1:colcon.colcon_core.package_identification:_identify(ros_ws/src/multipanda_ros2/franka_control2) by extensions ['colcon_meta']
[0.813s] Level 1:colcon.colcon_core.package_identification:_identify(ros_ws/src/multipanda_ros2/franka_control2) by extension 'colcon_meta'
[0.813s] Level 1:colcon.colcon_core.package_identification:_identify(ros_ws/src/multipanda_ros2/franka_control2) by extensions ['ros']
[0.813s] Level 1:colcon.colcon_core.package_identification:_identify(ros_ws/src/multipanda_ros2/franka_control2) by extension 'ros'
[0.816s] DEBUG:colcon.colcon_core.package_identification:Package 'ros_ws/src/multipanda_ros2/franka_control2' with type 'ros.ament_cmake' and name 'franka_control2'
[0.817s] Level 1:colcon.colcon_core.package_identification:_identify(ros_ws/src/multipanda_ros2/franka_description) by extensions ['ignore', 'ignore_ament_install']
[0.817s] Level 1:colcon.colcon_core.package_identification:_identify(ros_ws/src/multipanda_ros2/franka_description) by extension 'ignore'
[0.817s] Level 1:colcon.colcon_core.package_identification:_identify(ros_ws/src/multipanda_ros2/franka_description) by extension 'ignore_ament_install'
[0.817s] Level 1:colcon.colcon_core.package_identification:_identify(ros_ws/src/multipanda_ros2/franka_description) by extensions ['colcon_pkg']
[0.817s] Level 1:colcon.colcon_core.package_identification:_identify(ros_ws/src/multipanda_ros2/franka_description) by extension 'colcon_pkg'
[0.817s] Level 1:colcon.colcon_core.package_identification:_identify(ros_ws/src/multipanda_ros2/franka_description) by extensions ['colcon_meta']
[0.817s] Level 1:colcon.colcon_core.package_identification:_identify(ros_ws/src/multipanda_ros2/franka_description) by extension 'colcon_meta'
[0.817s] Level 1:colcon.colcon_core.package_identification:_identify(ros_ws/src/multipanda_ros2/franka_description) by extensions ['ros']
[0.817s] Level 1:colcon.colcon_core.package_identification:_identify(ros_ws/src/multipanda_ros2/franka_description) by extension 'ros'
[0.818s] DEBUG:colcon.colcon_core.package_identification:Package 'ros_ws/src/multipanda_ros2/franka_description' with type 'ros.ament_cmake' and name 'franka_description'
[0.819s] Level 1:colcon.colcon_core.package_identification:_identify(ros_ws/src/multipanda_ros2/franka_example_controllers) by extensions ['ignore', 'ignore_ament_install']
[0.819s] Level 1:colcon.colcon_core.package_identification:_identify(ros_ws/src/multipanda_ros2/franka_example_controllers) by extension 'ignore'
[0.819s] Level 1:colcon.colcon_core.package_identification:_identify(ros_ws/src/multipanda_ros2/franka_example_controllers) by extension 'ignore_ament_install'
[0.819s] Level 1:colcon.colcon_core.package_identification:_identify(ros_ws/src/multipanda_ros2/franka_example_controllers) by extensions ['colcon_pkg']
[0.819s] Level 1:colcon.colcon_core.package_identification:_identify(ros_ws/src/multipanda_ros2/franka_example_controllers) by extension 'colcon_pkg'
[0.820s] Level 1:colcon.colcon_core.package_identification:_identify(ros_ws/src/multipanda_ros2/franka_example_controllers) by extensions ['colcon_meta']
[0.820s] Level 1:colcon.colcon_core.package_identification:_identify(ros_ws/src/multipanda_ros2/franka_example_controllers) by extension 'colcon_meta'
[0.820s] Level 1:colcon.colcon_core.package_identification:_identify(ros_ws/src/multipanda_ros2/franka_example_controllers) by extensions ['ros']
[0.820s] Level 1:colcon.colcon_core.package_identification:_identify(ros_ws/src/multipanda_ros2/franka_example_controllers) by extension 'ros'
[0.822s] DEBUG:colcon.colcon_core.package_identification:Package 'ros_ws/src/multipanda_ros2/franka_example_controllers' with type 'ros.ament_cmake' and name 'franka_example_controllers'
[0.822s] Level 1:colcon.colcon_core.package_identification:_identify(ros_ws/src/multipanda_ros2/franka_gripper) by extensions ['ignore', 'ignore_ament_install']
[0.822s] Level 1:colcon.colcon_core.package_identification:_identify(ros_ws/src/multipanda_ros2/franka_gripper) by extension 'ignore'
[0.822s] Level 1:colcon.colcon_core.package_identification:_identify(ros_ws/src/multipanda_ros2/franka_gripper) by extension 'ignore_ament_install'
[0.822s] Level 1:colcon.colcon_core.package_identification:_identify(ros_ws/src/multipanda_ros2/franka_gripper) by extensions ['colcon_pkg']
[0.822s] Level 1:colcon.colcon_core.package_identification:_identify(ros_ws/src/multipanda_ros2/franka_gripper) by extension 'colcon_pkg'
[0.822s] Level 1:colcon.colcon_core.package_identification:_identify(ros_ws/src/multipanda_ros2/franka_gripper) by extensions ['colcon_meta']
[0.822s] Level 1:colcon.colcon_core.package_identification:_identify(ros_ws/src/multipanda_ros2/franka_gripper) by extension 'colcon_meta'
[0.823s] Level 1:colcon.colcon_core.package_identification:_identify(ros_ws/src/multipanda_ros2/franka_gripper) by extensions ['ros']
[0.823s] Level 1:colcon.colcon_core.package_identification:_identify(ros_ws/src/multipanda_ros2/franka_gripper) by extension 'ros'
[0.824s] DEBUG:colcon.colcon_core.package_identification:Package 'ros_ws/src/multipanda_ros2/franka_gripper' with type 'ros.ament_cmake' and name 'franka_gripper'
[0.825s] Level 1:colcon.colcon_core.package_identification:_identify(ros_ws/src/multipanda_ros2/franka_hardware) by extensions ['ignore', 'ignore_ament_install']
[0.825s] Level 1:colcon.colcon_core.package_identification:_identify(ros_ws/src/multipanda_ros2/franka_hardware) by extension 'ignore'
[0.825s] Level 1:colcon.colcon_core.package_identification:_identify(ros_ws/src/multipanda_ros2/franka_hardware) by extension 'ignore_ament_install'
[0.825s] Level 1:colcon.colcon_core.package_identification:_identify(ros_ws/src/multipanda_ros2/franka_hardware) by extensions ['colcon_pkg']
[0.825s] Level 1:colcon.colcon_core.package_identification:_identify(ros_ws/src/multipanda_ros2/franka_hardware) by extension 'colcon_pkg'
[0.825s] Level 1:colcon.colcon_core.package_identification:_identify(ros_ws/src/multipanda_ros2/franka_hardware) by extensions ['colcon_meta']
[0.825s] Level 1:colcon.colcon_core.package_identification:_identify(ros_ws/src/multipanda_ros2/franka_hardware) by extension 'colcon_meta'
[0.825s] Level 1:colcon.colcon_core.package_identification:_identify(ros_ws/src/multipanda_ros2/franka_hardware) by extensions ['ros']
[0.825s] Level 1:colcon.colcon_core.package_identification:_identify(ros_ws/src/multipanda_ros2/franka_hardware) by extension 'ros'
[0.827s] DEBUG:colcon.colcon_core.package_identification:Package 'ros_ws/src/multipanda_ros2/franka_hardware' with type 'ros.ament_cmake' and name 'franka_hardware'
[0.827s] Level 1:colcon.colcon_core.package_identification:_identify(ros_ws/src/multipanda_ros2/franka_moveit_config) by extensions ['ignore', 'ignore_ament_install']
[0.828s] Level 1:colcon.colcon_core.package_identification:_identify(ros_ws/src/multipanda_ros2/franka_moveit_config) by extension 'ignore'
[0.828s] Level 1:colcon.colcon_core.package_identification:_identify(ros_ws/src/multipanda_ros2/franka_moveit_config) by extension 'ignore_ament_install'
[0.828s] Level 1:colcon.colcon_core.package_identification:_identify(ros_ws/src/multipanda_ros2/franka_moveit_config) by extensions ['colcon_pkg']
[0.828s] Level 1:colcon.colcon_core.package_identification:_identify(ros_ws/src/multipanda_ros2/franka_moveit_config) by extension 'colcon_pkg'
[0.828s] Level 1:colcon.colcon_core.package_identification:_identify(ros_ws/src/multipanda_ros2/franka_moveit_config) by extensions ['colcon_meta']
[0.828s] Level 1:colcon.colcon_core.package_identification:_identify(ros_ws/src/multipanda_ros2/franka_moveit_config) by extension 'colcon_meta'
[0.828s] Level 1:colcon.colcon_core.package_identification:_identify(ros_ws/src/multipanda_ros2/franka_moveit_config) by extensions ['ros']
[0.828s] Level 1:colcon.colcon_core.package_identification:_identify(ros_ws/src/multipanda_ros2/franka_moveit_config) by extension 'ros'
[0.829s] DEBUG:colcon.colcon_core.package_identification:Package 'ros_ws/src/multipanda_ros2/franka_moveit_config' with type 'ros.ament_cmake' and name 'franka_moveit_config'
[0.829s] Level 1:colcon.colcon_core.package_identification:_identify(ros_ws/src/multipanda_ros2/franka_msgs) by extensions ['ignore', 'ignore_ament_install']
[0.830s] Level 1:colcon.colcon_core.package_identification:_identify(ros_ws/src/multipanda_ros2/franka_msgs) by extension 'ignore'
[0.830s] Level 1:colcon.colcon_core.package_identification:_identify(ros_ws/src/multipanda_ros2/franka_msgs) by extension 'ignore_ament_install'
[0.830s] Level 1:colcon.colcon_core.package_identification:_identify(ros_ws/src/multipanda_ros2/franka_msgs) by extensions ['colcon_pkg']
[0.830s] Level 1:colcon.colcon_core.package_identification:_identify(ros_ws/src/multipanda_ros2/franka_msgs) by extension 'colcon_pkg'
[0.830s] Level 1:colcon.colcon_core.package_identification:_identify(ros_ws/src/multipanda_ros2/franka_msgs) by extensions ['colcon_meta']
[0.830s] Level 1:colcon.colcon_core.package_identification:_identify(ros_ws/src/multipanda_ros2/franka_msgs) by extension 'colcon_meta'
[0.830s] Level 1:colcon.colcon_core.package_identification:_identify(ros_ws/src/multipanda_ros2/franka_msgs) by extensions ['ros']
[0.830s] Level 1:colcon.colcon_core.package_identification:_identify(ros_ws/src/multipanda_ros2/franka_msgs) by extension 'ros'
[0.832s] DEBUG:colcon.colcon_core.package_identification:Package 'ros_ws/src/multipanda_ros2/franka_msgs' with type 'ros.ament_cmake' and name 'franka_msgs'
[0.832s] Level 1:colcon.colcon_core.package_identification:_identify(ros_ws/src/multipanda_ros2/franka_multi_mode_controller) by extensions ['ignore', 'ignore_ament_install']
[0.832s] Level 1:colcon.colcon_core.package_identification:_identify(ros_ws/src/multipanda_ros2/franka_multi_mode_controller) by extension 'ignore'
[0.832s] Level 1:colcon.colcon_core.package_identification:_identify(ros_ws/src/multipanda_ros2/franka_multi_mode_controller) by extension 'ignore_ament_install'
[0.832s] Level 1:colcon.colcon_core.package_identification:_identify(ros_ws/src/multipanda_ros2/franka_multi_mode_controller) by extensions ['colcon_pkg']
[0.832s] Level 1:colcon.colcon_core.package_identification:_identify(ros_ws/src/multipanda_ros2/franka_multi_mode_controller) by extension 'colcon_pkg'
[0.832s] Level 1:colcon.colcon_core.package_identification:_identify(ros_ws/src/multipanda_ros2/franka_multi_mode_controller) by extensions ['colcon_meta']
[0.832s] Level 1:colcon.colcon_core.package_identification:_identify(ros_ws/src/multipanda_ros2/franka_multi_mode_controller) by extension 'colcon_meta'
[0.832s] Level 1:colcon.colcon_core.package_identification:_identify(ros_ws/src/multipanda_ros2/franka_multi_mode_controller) by extensions ['ros']
[0.833s] Level 1:colcon.colcon_core.package_identification:_identify(ros_ws/src/multipanda_ros2/franka_multi_mode_controller) by extension 'ros'
[0.833s] Level 1:colcon.colcon_core.package_identification:_identify(ros_ws/src/multipanda_ros2/franka_multi_mode_controller) by extensions ['cmake', 'python']
[0.833s] Level 1:colcon.colcon_core.package_identification:_identify(ros_ws/src/multipanda_ros2/franka_multi_mode_controller) by extension 'cmake'
[0.833s] Level 1:colcon.colcon_core.package_identification:_identify(ros_ws/src/multipanda_ros2/franka_multi_mode_controller) by extension 'python'
[0.833s] Level 1:colcon.colcon_core.package_identification:_identify(ros_ws/src/multipanda_ros2/franka_multi_mode_controller) by extensions ['python_setup_py']
[0.833s] Level 1:colcon.colcon_core.package_identification:_identify(ros_ws/src/multipanda_ros2/franka_multi_mode_controller) by extension 'python_setup_py'
[0.833s] Level 1:colcon.colcon_core.package_identification:_identify(ros_ws/src/multipanda_ros2/franka_multi_mode_controller/multi_mode_control_msgs) by extensions ['ignore', 'ignore_ament_install']
[0.833s] Level 1:colcon.colcon_core.package_identification:_identify(ros_ws/src/multipanda_ros2/franka_multi_mode_controller/multi_mode_control_msgs) by extension 'ignore'
[0.833s] Level 1:colcon.colcon_core.package_identification:_identify(ros_ws/src/multipanda_ros2/franka_multi_mode_controller/multi_mode_control_msgs) by extension 'ignore_ament_install'
[0.833s] Level 1:colcon.colcon_core.package_identification:_identify(ros_ws/src/multipanda_ros2/franka_multi_mode_controller/multi_mode_control_msgs) by extensions ['colcon_pkg']
[0.833s] Level 1:colcon.colcon_core.package_identification:_identify(ros_ws/src/multipanda_ros2/franka_multi_mode_controller/multi_mode_control_msgs) by extension 'colcon_pkg'
[0.834s] Level 1:colcon.colcon_core.package_identification:_identify(ros_ws/src/multipanda_ros2/franka_multi_mode_controller/multi_mode_control_msgs) by extensions ['colcon_meta']
[0.834s] Level 1:colcon.colcon_core.package_identification:_identify(ros_ws/src/multipanda_ros2/franka_multi_mode_controller/multi_mode_control_msgs) by extension 'colcon_meta'
[0.834s] Level 1:colcon.colcon_core.package_identification:_identify(ros_ws/src/multipanda_ros2/franka_multi_mode_controller/multi_mode_control_msgs) by extensions ['ros']
[0.834s] Level 1:colcon.colcon_core.package_identification:_identify(ros_ws/src/multipanda_ros2/franka_multi_mode_controller/multi_mode_control_msgs) by extension 'ros'
[0.835s] DEBUG:colcon.colcon_core.package_identification:Package 'ros_ws/src/multipanda_ros2/franka_multi_mode_controller/multi_mode_control_msgs' with type 'ros.ament_cmake' and name 'multi_mode_control_msgs'
[0.835s] Level 1:colcon.colcon_core.package_identification:_identify(ros_ws/src/multipanda_ros2/franka_multi_mode_controller/multi_mode_controller) by extensions ['ignore', 'ignore_ament_install']
[0.835s] Level 1:colcon.colcon_core.package_identification:_identify(ros_ws/src/multipanda_ros2/franka_multi_mode_controller/multi_mode_controller) by extension 'ignore'
[0.835s] Level 1:colcon.colcon_core.package_identification:_identify(ros_ws/src/multipanda_ros2/franka_multi_mode_controller/multi_mode_controller) by extension 'ignore_ament_install'
[0.835s] Level 1:colcon.colcon_core.package_identification:_identify(ros_ws/src/multipanda_ros2/franka_multi_mode_controller/multi_mode_controller) by extensions ['colcon_pkg']
[0.836s] Level 1:colcon.colcon_core.package_identification:_identify(ros_ws/src/multipanda_ros2/franka_multi_mode_controller/multi_mode_controller) by extension 'colcon_pkg'
[0.836s] Level 1:colcon.colcon_core.package_identification:_identify(ros_ws/src/multipanda_ros2/franka_multi_mode_controller/multi_mode_controller) by extensions ['colcon_meta']
[0.836s] Level 1:colcon.colcon_core.package_identification:_identify(ros_ws/src/multipanda_ros2/franka_multi_mode_controller/multi_mode_controller) by extension 'colcon_meta'
[0.836s] Level 1:colcon.colcon_core.package_identification:_identify(ros_ws/src/multipanda_ros2/franka_multi_mode_controller/multi_mode_controller) by extensions ['ros']
[0.836s] Level 1:colcon.colcon_core.package_identification:_identify(ros_ws/src/multipanda_ros2/franka_multi_mode_controller/multi_mode_controller) by extension 'ros'
[0.837s] DEBUG:colcon.colcon_core.package_identification:Package 'ros_ws/src/multipanda_ros2/franka_multi_mode_controller/multi_mode_controller' with type 'ros.ament_cmake' and name 'multi_mode_controller'
[0.837s] Level 1:colcon.colcon_core.package_identification:_identify(ros_ws/src/multipanda_ros2/franka_multi_mode_controller/multi_mode_controller_impl) by extensions ['ignore', 'ignore_ament_install']
[0.837s] Level 1:colcon.colcon_core.package_identification:_identify(ros_ws/src/multipanda_ros2/franka_multi_mode_controller/multi_mode_controller_impl) by extension 'ignore'
[0.837s] Level 1:colcon.colcon_core.package_identification:_identify(ros_ws/src/multipanda_ros2/franka_multi_mode_controller/multi_mode_controller_impl) by extension 'ignore_ament_install'
[0.838s] Level 1:colcon.colcon_core.package_identification:_identify(ros_ws/src/multipanda_ros2/franka_multi_mode_controller/multi_mode_controller_impl) by extensions ['colcon_pkg']
[0.838s] Level 1:colcon.colcon_core.package_identification:_identify(ros_ws/src/multipanda_ros2/franka_multi_mode_controller/multi_mode_controller_impl) by extension 'colcon_pkg'
[0.838s] Level 1:colcon.colcon_core.package_identification:_identify(ros_ws/src/multipanda_ros2/franka_multi_mode_controller/multi_mode_controller_impl) by extensions ['colcon_meta']
[0.838s] Level 1:colcon.colcon_core.package_identification:_identify(ros_ws/src/multipanda_ros2/franka_multi_mode_controller/multi_mode_controller_impl) by extension 'colcon_meta'
[0.838s] Level 1:colcon.colcon_core.package_identification:_identify(ros_ws/src/multipanda_ros2/franka_multi_mode_controller/multi_mode_controller_impl) by extensions ['ros']
[0.838s] Level 1:colcon.colcon_core.package_identification:_identify(ros_ws/src/multipanda_ros2/franka_multi_mode_controller/multi_mode_controller_impl) by extension 'ros'
[0.840s] DEBUG:colcon.colcon_core.package_identification:Package 'ros_ws/src/multipanda_ros2/franka_multi_mode_controller/multi_mode_controller_impl' with type 'ros.ament_cmake' and name 'multi_mode_controller_impl'
[0.840s] Level 1:colcon.colcon_core.package_identification:_identify(ros_ws/src/multipanda_ros2/franka_multi_mode_controller/panda_motion_generator_msgs) by extensions ['ignore', 'ignore_ament_install']
[0.840s] Level 1:colcon.colcon_core.package_identification:_identify(ros_ws/src/multipanda_ros2/franka_multi_mode_controller/panda_motion_generator_msgs) by extension 'ignore'
[0.840s] Level 1:colcon.colcon_core.package_identification:_identify(ros_ws/src/multipanda_ros2/franka_multi_mode_controller/panda_motion_generator_msgs) by extension 'ignore_ament_install'
[0.840s] Level 1:colcon.colcon_core.package_identification:_identify(ros_ws/src/multipanda_ros2/franka_multi_mode_controller/panda_motion_generator_msgs) by extensions ['colcon_pkg']
[0.840s] Level 1:colcon.colcon_core.package_identification:_identify(ros_ws/src/multipanda_ros2/franka_multi_mode_controller/panda_motion_generator_msgs) by extension 'colcon_pkg'
[0.840s] Level 1:colcon.colcon_core.package_identification:_identify(ros_ws/src/multipanda_ros2/franka_multi_mode_controller/panda_motion_generator_msgs) by extensions ['colcon_meta']
[0.840s] Level 1:colcon.colcon_core.package_identification:_identify(ros_ws/src/multipanda_ros2/franka_multi_mode_controller/panda_motion_generator_msgs) by extension 'colcon_meta'
[0.840s] Level 1:colcon.colcon_core.package_identification:_identify(ros_ws/src/multipanda_ros2/franka_multi_mode_controller/panda_motion_generator_msgs) by extensions ['ros']
[0.840s] Level 1:colcon.colcon_core.package_identification:_identify(ros_ws/src/multipanda_ros2/franka_multi_mode_controller/panda_motion_generator_msgs) by extension 'ros'
[0.841s] DEBUG:colcon.colcon_core.package_identification:Package 'ros_ws/src/multipanda_ros2/franka_multi_mode_controller/panda_motion_generator_msgs' with type 'ros.ament_cmake' and name 'panda_motion_generator_msgs'
[0.842s] Level 1:colcon.colcon_core.package_identification:_identify(ros_ws/src/multipanda_ros2/franka_multi_mode_controller/panda_motion_generators) by extensions ['ignore', 'ignore_ament_install']
[0.842s] Level 1:colcon.colcon_core.package_identification:_identify(ros_ws/src/multipanda_ros2/franka_multi_mode_controller/panda_motion_generators) by extension 'ignore'
[0.842s] Level 1:colcon.colcon_core.package_identification:_identify(ros_ws/src/multipanda_ros2/franka_multi_mode_controller/panda_motion_generators) by extension 'ignore_ament_install'
[0.842s] Level 1:colcon.colcon_core.package_identification:_identify(ros_ws/src/multipanda_ros2/franka_multi_mode_controller/panda_motion_generators) by extensions ['colcon_pkg']
[0.842s] Level 1:colcon.colcon_core.package_identification:_identify(ros_ws/src/multipanda_ros2/franka_multi_mode_controller/panda_motion_generators) by extension 'colcon_pkg'
[0.842s] Level 1:colcon.colcon_core.package_identification:_identify(ros_ws/src/multipanda_ros2/franka_multi_mode_controller/panda_motion_generators) by extensions ['colcon_meta']
[0.842s] Level 1:colcon.colcon_core.package_identification:_identify(ros_ws/src/multipanda_ros2/franka_multi_mode_controller/panda_motion_generators) by extension 'colcon_meta'
[0.842s] Level 1:colcon.colcon_core.package_identification:_identify(ros_ws/src/multipanda_ros2/franka_multi_mode_controller/panda_motion_generators) by extensions ['ros']
[0.842s] Level 1:colcon.colcon_core.package_identification:_identify(ros_ws/src/multipanda_ros2/franka_multi_mode_controller/panda_motion_generators) by extension 'ros'
[0.844s] DEBUG:colcon.colcon_core.package_identification:Package 'ros_ws/src/multipanda_ros2/franka_multi_mode_controller/panda_motion_generators' with type 'ros.ament_cmake' and name 'panda_motion_generators'
[0.844s] Level 1:colcon.colcon_core.package_identification:_identify(ros_ws/src/multipanda_ros2/franka_robot_state_broadcaster) by extensions ['ignore', 'ignore_ament_install']
[0.844s] Level 1:colcon.colcon_core.package_identification:_identify(ros_ws/src/multipanda_ros2/franka_robot_state_broadcaster) by extension 'ignore'
[0.844s] Level 1:colcon.colcon_core.package_identification:_identify(ros_ws/src/multipanda_ros2/franka_robot_state_broadcaster) by extension 'ignore_ament_install'
[0.845s] Level 1:colcon.colcon_core.package_identification:_identify(ros_ws/src/multipanda_ros2/franka_robot_state_broadcaster) by extensions ['colcon_pkg']
[0.845s] Level 1:colcon.colcon_core.package_identification:_identify(ros_ws/src/multipanda_ros2/franka_robot_state_broadcaster) by extension 'colcon_pkg'
[0.845s] Level 1:colcon.colcon_core.package_identification:_identify(ros_ws/src/multipanda_ros2/franka_robot_state_broadcaster) by extensions ['colcon_meta']
[0.845s] Level 1:colcon.colcon_core.package_identification:_identify(ros_ws/src/multipanda_ros2/franka_robot_state_broadcaster) by extension 'colcon_meta'
[0.845s] Level 1:colcon.colcon_core.package_identification:_identify(ros_ws/src/multipanda_ros2/franka_robot_state_broadcaster) by extensions ['ros']
[0.845s] Level 1:colcon.colcon_core.package_identification:_identify(ros_ws/src/multipanda_ros2/franka_robot_state_broadcaster) by extension 'ros'
[0.847s] DEBUG:colcon.colcon_core.package_identification:Package 'ros_ws/src/multipanda_ros2/franka_robot_state_broadcaster' with type 'ros.ament_cmake' and name 'franka_robot_state_broadcaster'
[0.847s] Level 1:colcon.colcon_core.package_identification:_identify(ros_ws/src/multipanda_ros2/franka_semantic_components) by extensions ['ignore', 'ignore_ament_install']
[0.848s] Level 1:colcon.colcon_core.package_identification:_identify(ros_ws/src/multipanda_ros2/franka_semantic_components) by extension 'ignore'
[0.848s] Level 1:colcon.colcon_core.package_identification:_identify(ros_ws/src/multipanda_ros2/franka_semantic_components) by extension 'ignore_ament_install'
[0.848s] Level 1:colcon.colcon_core.package_identification:_identify(ros_ws/src/multipanda_ros2/franka_semantic_components) by extensions ['colcon_pkg']
[0.848s] Level 1:colcon.colcon_core.package_identification:_identify(ros_ws/src/multipanda_ros2/franka_semantic_components) by extension 'colcon_pkg'
[0.848s] Level 1:colcon.colcon_core.package_identification:_identify(ros_ws/src/multipanda_ros2/franka_semantic_components) by extensions ['colcon_meta']
[0.848s] Level 1:colcon.colcon_core.package_identification:_identify(ros_ws/src/multipanda_ros2/franka_semantic_components) by extension 'colcon_meta'
[0.848s] Level 1:colcon.colcon_core.package_identification:_identify(ros_ws/src/multipanda_ros2/franka_semantic_components) by extensions ['ros']
[0.848s] Level 1:colcon.colcon_core.package_identification:_identify(ros_ws/src/multipanda_ros2/franka_semantic_components) by extension 'ros'
[0.851s] DEBUG:colcon.colcon_core.package_identification:Package 'ros_ws/src/multipanda_ros2/franka_semantic_components' with type 'ros.ament_cmake' and name 'franka_semantic_components'
[0.851s] Level 1:colcon.colcon_core.package_identification:_identify(ros_ws/src/multipanda_ros2/franka_simple_publishers) by extensions ['ignore', 'ignore_ament_install']
[0.851s] Level 1:colcon.colcon_core.package_identification:_identify(ros_ws/src/multipanda_ros2/franka_simple_publishers) by extension 'ignore'
[0.851s] Level 1:colcon.colcon_core.package_identification:_identify(ros_ws/src/multipanda_ros2/franka_simple_publishers) by extension 'ignore_ament_install'
[0.852s] Level 1:colcon.colcon_core.package_identification:_identify(ros_ws/src/multipanda_ros2/franka_simple_publishers) by extensions ['colcon_pkg']
[0.852s] Level 1:colcon.colcon_core.package_identification:_identify(ros_ws/src/multipanda_ros2/franka_simple_publishers) by extension 'colcon_pkg'
[0.852s] Level 1:colcon.colcon_core.package_identification:_identify(ros_ws/src/multipanda_ros2/franka_simple_publishers) by extensions ['colcon_meta']
[0.852s] Level 1:colcon.colcon_core.package_identification:_identify(ros_ws/src/multipanda_ros2/franka_simple_publishers) by extension 'colcon_meta'
[0.852s] Level 1:colcon.colcon_core.package_identification:_identify(ros_ws/src/multipanda_ros2/franka_simple_publishers) by extensions ['ros']
[0.852s] Level 1:colcon.colcon_core.package_identification:_identify(ros_ws/src/multipanda_ros2/franka_simple_publishers) by extension 'ros'
[0.853s] DEBUG:colcon.colcon_core.package_identification:Package 'ros_ws/src/multipanda_ros2/franka_simple_publishers' with type 'ros.ament_python' and name 'franka_simple_publishers'
[0.854s] Level 1:colcon.colcon_core.package_identification:_identify(ros_ws/src/multipanda_ros2/garmi_packages) by extensions ['ignore', 'ignore_ament_install']
[0.854s] Level 1:colcon.colcon_core.package_identification:_identify(ros_ws/src/multipanda_ros2/garmi_packages) by extension 'ignore'
[0.854s] Level 1:colcon.colcon_core.package_identification:_identify(ros_ws/src/multipanda_ros2/garmi_packages) by extension 'ignore_ament_install'
[0.854s] Level 1:colcon.colcon_core.package_identification:_identify(ros_ws/src/multipanda_ros2/garmi_packages) by extensions ['colcon_pkg']
[0.854s] Level 1:colcon.colcon_core.package_identification:_identify(ros_ws/src/multipanda_ros2/garmi_packages) by extension 'colcon_pkg'
[0.854s] Level 1:colcon.colcon_core.package_identification:_identify(ros_ws/src/multipanda_ros2/garmi_packages) by extensions ['colcon_meta']
[0.854s] Level 1:colcon.colcon_core.package_identification:_identify(ros_ws/src/multipanda_ros2/garmi_packages) by extension 'colcon_meta'
[0.854s] Level 1:colcon.colcon_core.package_identification:_identify(ros_ws/src/multipanda_ros2/garmi_packages) by extensions ['ros']
[0.854s] Level 1:colcon.colcon_core.package_identification:_identify(ros_ws/src/multipanda_ros2/garmi_packages) by extension 'ros'
[0.854s] Level 1:colcon.colcon_core.package_identification:_identify(ros_ws/src/multipanda_ros2/garmi_packages) by extensions ['cmake', 'python']
[0.854s] Level 1:colcon.colcon_core.package_identification:_identify(ros_ws/src/multipanda_ros2/garmi_packages) by extension 'cmake'
[0.855s] Level 1:colcon.colcon_core.package_identification:_identify(ros_ws/src/multipanda_ros2/garmi_packages) by extension 'python'
[0.855s] Level 1:colcon.colcon_core.package_identification:_identify(ros_ws/src/multipanda_ros2/garmi_packages) by extensions ['python_setup_py']
[0.855s] Level 1:colcon.colcon_core.package_identification:_identify(ros_ws/src/multipanda_ros2/garmi_packages) by extension 'python_setup_py'
[0.855s] Level 1:colcon.colcon_core.package_identification:_identify(ros_ws/src/multipanda_ros2/garmi_packages/garmi_bringup) by extensions ['ignore', 'ignore_ament_install']
[0.855s] Level 1:colcon.colcon_core.package_identification:_identify(ros_ws/src/multipanda_ros2/garmi_packages/garmi_bringup) by extension 'ignore'
[0.855s] Level 1:colcon.colcon_core.package_identification:_identify(ros_ws/src/multipanda_ros2/garmi_packages/garmi_bringup) by extension 'ignore_ament_install'
[0.855s] Level 1:colcon.colcon_core.package_identification:_identify(ros_ws/src/multipanda_ros2/garmi_packages/garmi_bringup) by extensions ['colcon_pkg']
[0.855s] Level 1:colcon.colcon_core.package_identification:_identify(ros_ws/src/multipanda_ros2/garmi_packages/garmi_bringup) by extension 'colcon_pkg'
[0.855s] Level 1:colcon.colcon_core.package_identification:_identify(ros_ws/src/multipanda_ros2/garmi_packages/garmi_bringup) by extensions ['colcon_meta']
[0.855s] Level 1:colcon.colcon_core.package_identification:_identify(ros_ws/src/multipanda_ros2/garmi_packages/garmi_bringup) by extension 'colcon_meta'
[0.855s] Level 1:colcon.colcon_core.package_identification:_identify(ros_ws/src/multipanda_ros2/garmi_packages/garmi_bringup) by extensions ['ros']
[0.855s] Level 1:colcon.colcon_core.package_identification:_identify(ros_ws/src/multipanda_ros2/garmi_packages/garmi_bringup) by extension 'ros'
[0.856s] DEBUG:colcon.colcon_core.package_identification:Package 'ros_ws/src/multipanda_ros2/garmi_packages/garmi_bringup' with type 'ros.ament_cmake' and name 'garmi_bringup'
[0.857s] Level 1:colcon.colcon_core.package_identification:_identify(ros_ws/src/multipanda_ros2/garmi_packages/garmi_controllers) by extensions ['ignore', 'ignore_ament_install']
[0.857s] Level 1:colcon.colcon_core.package_identification:_identify(ros_ws/src/multipanda_ros2/garmi_packages/garmi_controllers) by extension 'ignore'
[0.857s] Level 1:colcon.colcon_core.package_identification:_identify(ros_ws/src/multipanda_ros2/garmi_packages/garmi_controllers) by extension 'ignore_ament_install'
[0.857s] Level 1:colcon.colcon_core.package_identification:_identify(ros_ws/src/multipanda_ros2/garmi_packages/garmi_controllers) by extensions ['colcon_pkg']
[0.857s] Level 1:colcon.colcon_core.package_identification:_identify(ros_ws/src/multipanda_ros2/garmi_packages/garmi_controllers) by extension 'colcon_pkg'
[0.857s] Level 1:colcon.colcon_core.package_identification:_identify(ros_ws/src/multipanda_ros2/garmi_packages/garmi_controllers) by extensions ['colcon_meta']
[0.857s] Level 1:colcon.colcon_core.package_identification:_identify(ros_ws/src/multipanda_ros2/garmi_packages/garmi_controllers) by extension 'colcon_meta'
[0.857s] Level 1:colcon.colcon_core.package_identification:_identify(ros_ws/src/multipanda_ros2/garmi_packages/garmi_controllers) by extensions ['ros']
[0.857s] Level 1:colcon.colcon_core.package_identification:_identify(ros_ws/src/multipanda_ros2/garmi_packages/garmi_controllers) by extension 'ros'
[0.859s] DEBUG:colcon.colcon_core.package_identification:Package 'ros_ws/src/multipanda_ros2/garmi_packages/garmi_controllers' with type 'ros.ament_cmake' and name 'garmi_controllers'
[0.860s] Level 1:colcon.colcon_core.package_identification:_identify(ros_ws/src/multipanda_ros2/garmi_packages/garmi_description) by extensions ['ignore', 'ignore_ament_install']
[0.860s] Level 1:colcon.colcon_core.package_identification:_identify(ros_ws/src/multipanda_ros2/garmi_packages/garmi_description) by extension 'ignore'
[0.860s] Level 1:colcon.colcon_core.package_identification:_identify(ros_ws/src/multipanda_ros2/garmi_packages/garmi_description) by extension 'ignore_ament_install'
[0.860s] Level 1:colcon.colcon_core.package_identification:_identify(ros_ws/src/multipanda_ros2/garmi_packages/garmi_description) by extensions ['colcon_pkg']
[0.860s] Level 1:colcon.colcon_core.package_identification:_identify(ros_ws/src/multipanda_ros2/garmi_packages/garmi_description) by extension 'colcon_pkg'
[0.860s] Level 1:colcon.colcon_core.package_identification:_identify(ros_ws/src/multipanda_ros2/garmi_packages/garmi_description) by extensions ['colcon_meta']
[0.860s] Level 1:colcon.colcon_core.package_identification:_identify(ros_ws/src/multipanda_ros2/garmi_packages/garmi_description) by extension 'colcon_meta'
[0.860s] Level 1:colcon.colcon_core.package_identification:_identify(ros_ws/src/multipanda_ros2/garmi_packages/garmi_description) by extensions ['ros']
[0.860s] Level 1:colcon.colcon_core.package_identification:_identify(ros_ws/src/multipanda_ros2/garmi_packages/garmi_description) by extension 'ros'
[0.861s] DEBUG:colcon.colcon_core.package_identification:Package 'ros_ws/src/multipanda_ros2/garmi_packages/garmi_description' with type 'ros.ament_cmake' and name 'garmi_description'
[0.862s] Level 1:colcon.colcon_core.package_identification:_identify(ros_ws/src/multipanda_ros2/garmi_packages/garmi_moveit_config) by extensions ['ignore', 'ignore_ament_install']
[0.862s] Level 1:colcon.colcon_core.package_identification:_identify(ros_ws/src/multipanda_ros2/garmi_packages/garmi_moveit_config) by extension 'ignore'
[0.862s] Level 1:colcon.colcon_core.package_identification:_identify(ros_ws/src/multipanda_ros2/garmi_packages/garmi_moveit_config) by extension 'ignore_ament_install'
[0.862s] Level 1:colcon.colcon_core.package_identification:_identify(ros_ws/src/multipanda_ros2/garmi_packages/garmi_moveit_config) by extensions ['colcon_pkg']
[0.862s] Level 1:colcon.colcon_core.package_identification:_identify(ros_ws/src/multipanda_ros2/garmi_packages/garmi_moveit_config) by extension 'colcon_pkg'
[0.862s] Level 1:colcon.colcon_core.package_identification:_identify(ros_ws/src/multipanda_ros2/garmi_packages/garmi_moveit_config) by extensions ['colcon_meta']
[0.862s] Level 1:colcon.colcon_core.package_identification:_identify(ros_ws/src/multipanda_ros2/garmi_packages/garmi_moveit_config) by extension 'colcon_meta'
[0.862s] Level 1:colcon.colcon_core.package_identification:_identify(ros_ws/src/multipanda_ros2/garmi_packages/garmi_moveit_config) by extensions ['ros']
[0.862s] Level 1:colcon.colcon_core.package_identification:_identify(ros_ws/src/multipanda_ros2/garmi_packages/garmi_moveit_config) by extension 'ros'
[0.863s] DEBUG:colcon.colcon_core.package_identification:Package 'ros_ws/src/multipanda_ros2/garmi_packages/garmi_moveit_config' with type 'ros.ament_cmake' and name 'garmi_moveit_config'
[0.863s] Level 1:colcon.colcon_core.package_identification:_identify(ros_ws/src/multipanda_ros2/mujoco_ros_pkgs) by extensions ['ignore', 'ignore_ament_install']
[0.863s] Level 1:colcon.colcon_core.package_identification:_identify(ros_ws/src/multipanda_ros2/mujoco_ros_pkgs) by extension 'ignore'
[0.864s] Level 1:colcon.colcon_core.package_identification:_identify(ros_ws/src/multipanda_ros2/mujoco_ros_pkgs) by extension 'ignore_ament_install'
[0.864s] Level 1:colcon.colcon_core.package_identification:_identify(ros_ws/src/multipanda_ros2/mujoco_ros_pkgs) by extensions ['colcon_pkg']
[0.864s] Level 1:colcon.colcon_core.package_identification:_identify(ros_ws/src/multipanda_ros2/mujoco_ros_pkgs) by extension 'colcon_pkg'
[0.864s] Level 1:colcon.colcon_core.package_identification:_identify(ros_ws/src/multipanda_ros2/mujoco_ros_pkgs) by extensions ['colcon_meta']
[0.864s] Level 1:colcon.colcon_core.package_identification:_identify(ros_ws/src/multipanda_ros2/mujoco_ros_pkgs) by extension 'colcon_meta'
[0.864s] Level 1:colcon.colcon_core.package_identification:_identify(ros_ws/src/multipanda_ros2/mujoco_ros_pkgs) by extensions ['ros']
[0.864s] Level 1:colcon.colcon_core.package_identification:_identify(ros_ws/src/multipanda_ros2/mujoco_ros_pkgs) by extension 'ros'
[0.864s] Level 1:colcon.colcon_core.package_identification:_identify(ros_ws/src/multipanda_ros2/mujoco_ros_pkgs) by extensions ['cmake', 'python']
[0.864s] Level 1:colcon.colcon_core.package_identification:_identify(ros_ws/src/multipanda_ros2/mujoco_ros_pkgs) by extension 'cmake'
[0.864s] Level 1:colcon.colcon_core.package_identification:_identify(ros_ws/src/multipanda_ros2/mujoco_ros_pkgs) by extension 'python'
[0.865s] Level 1:colcon.colcon_core.package_identification:_identify(ros_ws/src/multipanda_ros2/mujoco_ros_pkgs) by extensions ['python_setup_py']
[0.865s] Level 1:colcon.colcon_core.package_identification:_identify(ros_ws/src/multipanda_ros2/mujoco_ros_pkgs) by extension 'python_setup_py'
[0.865s] Level 1:colcon.colcon_core.package_identification:_identify(ros_ws/src/multipanda_ros2/mujoco_ros_pkgs/mujoco_ros) by extensions ['ignore', 'ignore_ament_install']
[0.865s] Level 1:colcon.colcon_core.package_identification:_identify(ros_ws/src/multipanda_ros2/mujoco_ros_pkgs/mujoco_ros) by extension 'ignore'
[0.865s] Level 1:colcon.colcon_core.package_identification:_identify(ros_ws/src/multipanda_ros2/mujoco_ros_pkgs/mujoco_ros) by extension 'ignore_ament_install'
[0.865s] Level 1:colcon.colcon_core.package_identification:_identify(ros_ws/src/multipanda_ros2/mujoco_ros_pkgs/mujoco_ros) by extensions ['colcon_pkg']
[0.865s] Level 1:colcon.colcon_core.package_identification:_identify(ros_ws/src/multipanda_ros2/mujoco_ros_pkgs/mujoco_ros) by extension 'colcon_pkg'
[0.865s] Level 1:colcon.colcon_core.package_identification:_identify(ros_ws/src/multipanda_ros2/mujoco_ros_pkgs/mujoco_ros) by extensions ['colcon_meta']
[0.865s] Level 1:colcon.colcon_core.package_identification:_identify(ros_ws/src/multipanda_ros2/mujoco_ros_pkgs/mujoco_ros) by extension 'colcon_meta'
[0.866s] Level 1:colcon.colcon_core.package_identification:_identify(ros_ws/src/multipanda_ros2/mujoco_ros_pkgs/mujoco_ros) by extensions ['ros']
[0.866s] Level 1:colcon.colcon_core.package_identification:_identify(ros_ws/src/multipanda_ros2/mujoco_ros_pkgs/mujoco_ros) by extension 'ros'
[0.882s] DEBUG:colcon.colcon_core.package_identification:Package 'ros_ws/src/multipanda_ros2/mujoco_ros_pkgs/mujoco_ros' with type 'ros.ament_cmake' and name 'mujoco_ros'
[0.883s] Level 1:colcon.colcon_core.package_identification:_identify(ros_ws/src/multipanda_ros2/mujoco_ros_pkgs/mujoco_ros2_control) by extensions ['ignore', 'ignore_ament_install']
[0.883s] Level 1:colcon.colcon_core.package_identification:_identify(ros_ws/src/multipanda_ros2/mujoco_ros_pkgs/mujoco_ros2_control) by extension 'ignore'
[0.883s] Level 1:colcon.colcon_core.package_identification:_identify(ros_ws/src/multipanda_ros2/mujoco_ros_pkgs/mujoco_ros2_control) by extension 'ignore_ament_install'
[0.883s] Level 1:colcon.colcon_core.package_identification:_identify(ros_ws/src/multipanda_ros2/mujoco_ros_pkgs/mujoco_ros2_control) by extensions ['colcon_pkg']
[0.883s] Level 1:colcon.colcon_core.package_identification:_identify(ros_ws/src/multipanda_ros2/mujoco_ros_pkgs/mujoco_ros2_control) by extension 'colcon_pkg'
[0.883s] Level 1:colcon.colcon_core.package_identification:_identify(ros_ws/src/multipanda_ros2/mujoco_ros_pkgs/mujoco_ros2_control) by extensions ['colcon_meta']
[0.884s] Level 1:colcon.colcon_core.package_identification:_identify(ros_ws/src/multipanda_ros2/mujoco_ros_pkgs/mujoco_ros2_control) by extension 'colcon_meta'
[0.884s] Level 1:colcon.colcon_core.package_identification:_identify(ros_ws/src/multipanda_ros2/mujoco_ros_pkgs/mujoco_ros2_control) by extensions ['ros']
[0.884s] Level 1:colcon.colcon_core.package_identification:_identify(ros_ws/src/multipanda_ros2/mujoco_ros_pkgs/mujoco_ros2_control) by extension 'ros'
[0.886s] DEBUG:colcon.colcon_core.package_identification:Package 'ros_ws/src/multipanda_ros2/mujoco_ros_pkgs/mujoco_ros2_control' with type 'ros.ament_cmake' and name 'mujoco_ros2_control'
[0.886s] Level 1:colcon.colcon_core.package_identification:_identify(ros_ws/src/multipanda_ros2/mujoco_ros_pkgs/mujoco_ros2_control_system) by extensions ['ignore', 'ignore_ament_install']
[0.886s] Level 1:colcon.colcon_core.package_identification:_identify(ros_ws/src/multipanda_ros2/mujoco_ros_pkgs/mujoco_ros2_control_system) by extension 'ignore'
[0.886s] Level 1:colcon.colcon_core.package_identification:_identify(ros_ws/src/multipanda_ros2/mujoco_ros_pkgs/mujoco_ros2_control_system) by extension 'ignore_ament_install'
[0.886s] Level 1:colcon.colcon_core.package_identification:_identify(ros_ws/src/multipanda_ros2/mujoco_ros_pkgs/mujoco_ros2_control_system) by extensions ['colcon_pkg']
[0.887s] Level 1:colcon.colcon_core.package_identification:_identify(ros_ws/src/multipanda_ros2/mujoco_ros_pkgs/mujoco_ros2_control_system) by extension 'colcon_pkg'
[0.887s] Level 1:colcon.colcon_core.package_identification:_identify(ros_ws/src/multipanda_ros2/mujoco_ros_pkgs/mujoco_ros2_control_system) by extensions ['colcon_meta']
[0.887s] Level 1:colcon.colcon_core.package_identification:_identify(ros_ws/src/multipanda_ros2/mujoco_ros_pkgs/mujoco_ros2_control_system) by extension 'colcon_meta'
[0.887s] Level 1:colcon.colcon_core.package_identification:_identify(ros_ws/src/multipanda_ros2/mujoco_ros_pkgs/mujoco_ros2_control_system) by extensions ['ros']
[0.887s] Level 1:colcon.colcon_core.package_identification:_identify(ros_ws/src/multipanda_ros2/mujoco_ros_pkgs/mujoco_ros2_control_system) by extension 'ros'
[0.889s] DEBUG:colcon.colcon_core.package_identification:Package 'ros_ws/src/multipanda_ros2/mujoco_ros_pkgs/mujoco_ros2_control_system' with type 'ros.ament_cmake' and name 'mujoco_ros2_control_system'
[0.889s] Level 1:colcon.colcon_core.package_identification:_identify(ros_ws/src/multipanda_ros2/mujoco_ros_pkgs/mujoco_ros2_dummy_plugin) by extensions ['ignore', 'ignore_ament_install']
[0.889s] Level 1:colcon.colcon_core.package_identification:_identify(ros_ws/src/multipanda_ros2/mujoco_ros_pkgs/mujoco_ros2_dummy_plugin) by extension 'ignore'
[0.889s] Level 1:colcon.colcon_core.package_identification:_identify(ros_ws/src/multipanda_ros2/mujoco_ros_pkgs/mujoco_ros2_dummy_plugin) by extension 'ignore_ament_install'
[0.889s] Level 1:colcon.colcon_core.package_identification:_identify(ros_ws/src/multipanda_ros2/mujoco_ros_pkgs/mujoco_ros2_dummy_plugin) by extensions ['colcon_pkg']
[0.889s] Level 1:colcon.colcon_core.package_identification:_identify(ros_ws/src/multipanda_ros2/mujoco_ros_pkgs/mujoco_ros2_dummy_plugin) by extension 'colcon_pkg'
[0.890s] Level 1:colcon.colcon_core.package_identification:_identify(ros_ws/src/multipanda_ros2/mujoco_ros_pkgs/mujoco_ros2_dummy_plugin) by extensions ['colcon_meta']
[0.890s] Level 1:colcon.colcon_core.package_identification:_identify(ros_ws/src/multipanda_ros2/mujoco_ros_pkgs/mujoco_ros2_dummy_plugin) by extension 'colcon_meta'
[0.890s] Level 1:colcon.colcon_core.package_identification:_identify(ros_ws/src/multipanda_ros2/mujoco_ros_pkgs/mujoco_ros2_dummy_plugin) by extensions ['ros']
[0.890s] Level 1:colcon.colcon_core.package_identification:_identify(ros_ws/src/multipanda_ros2/mujoco_ros_pkgs/mujoco_ros2_dummy_plugin) by extension 'ros'
[0.891s] DEBUG:colcon.colcon_core.package_identification:Package 'ros_ws/src/multipanda_ros2/mujoco_ros_pkgs/mujoco_ros2_dummy_plugin' with type 'ros.ament_cmake' and name 'mujoco_ros2_dummy_plugin'
[0.891s] Level 1:colcon.colcon_core.package_identification:_identify(ros_ws/src/multipanda_ros2/mujoco_ros_pkgs/mujoco_ros2_sensors) by extensions ['ignore', 'ignore_ament_install']
[0.892s] Level 1:colcon.colcon_core.package_identification:_identify(ros_ws/src/multipanda_ros2/mujoco_ros_pkgs/mujoco_ros2_sensors) by extension 'ignore'
[0.892s] Level 1:colcon.colcon_core.package_identification:_identify(ros_ws/src/multipanda_ros2/mujoco_ros_pkgs/mujoco_ros2_sensors) by extension 'ignore_ament_install'
[0.892s] Level 1:colcon.colcon_core.package_identification:_identify(ros_ws/src/multipanda_ros2/mujoco_ros_pkgs/mujoco_ros2_sensors) by extensions ['colcon_pkg']
[0.892s] Level 1:colcon.colcon_core.package_identification:_identify(ros_ws/src/multipanda_ros2/mujoco_ros_pkgs/mujoco_ros2_sensors) by extension 'colcon_pkg'
[0.892s] Level 1:colcon.colcon_core.package_identification:_identify(ros_ws/src/multipanda_ros2/mujoco_ros_pkgs/mujoco_ros2_sensors) by extensions ['colcon_meta']
[0.892s] Level 1:colcon.colcon_core.package_identification:_identify(ros_ws/src/multipanda_ros2/mujoco_ros_pkgs/mujoco_ros2_sensors) by extension 'colcon_meta'
[0.892s] Level 1:colcon.colcon_core.package_identification:_identify(ros_ws/src/multipanda_ros2/mujoco_ros_pkgs/mujoco_ros2_sensors) by extensions ['ros']
[0.892s] Level 1:colcon.colcon_core.package_identification:_identify(ros_ws/src/multipanda_ros2/mujoco_ros_pkgs/mujoco_ros2_sensors) by extension 'ros'
[0.895s] DEBUG:colcon.colcon_core.package_identification:Package 'ros_ws/src/multipanda_ros2/mujoco_ros_pkgs/mujoco_ros2_sensors' with type 'ros.ament_cmake' and name 'mujoco_ros2_sensors'
[0.895s] Level 1:colcon.colcon_core.package_identification:_identify(ros_ws/src/multipanda_ros2/mujoco_ros_pkgs/mujoco_ros_control) by extensions ['ignore', 'ignore_ament_install']
[0.895s] Level 1:colcon.colcon_core.package_identification:_identify(ros_ws/src/multipanda_ros2/mujoco_ros_pkgs/mujoco_ros_control) by extension 'ignore'
[0.895s] Level 1:colcon.colcon_core.package_identification:_identify(ros_ws/src/multipanda_ros2/mujoco_ros_pkgs/mujoco_ros_control) ignored
[0.895s] Level 1:colcon.colcon_core.package_identification:_identify(ros_ws/src/multipanda_ros2/mujoco_ros_pkgs/mujoco_ros_laser) by extensions ['ignore', 'ignore_ament_install']
[0.895s] Level 1:colcon.colcon_core.package_identification:_identify(ros_ws/src/multipanda_ros2/mujoco_ros_pkgs/mujoco_ros_laser) by extension 'ignore'
[0.895s] Level 1:colcon.colcon_core.package_identification:_identify(ros_ws/src/multipanda_ros2/mujoco_ros_pkgs/mujoco_ros_laser) ignored
[0.896s] Level 1:colcon.colcon_core.package_identification:_identify(ros_ws/src/multipanda_ros2/mujoco_ros_pkgs/mujoco_ros_mocap_plugin) by extensions ['ignore', 'ignore_ament_install']
[0.896s] Level 1:colcon.colcon_core.package_identification:_identify(ros_ws/src/multipanda_ros2/mujoco_ros_pkgs/mujoco_ros_mocap_plugin) by extension 'ignore'
[0.896s] Level 1:colcon.colcon_core.package_identification:_identify(ros_ws/src/multipanda_ros2/mujoco_ros_pkgs/mujoco_ros_mocap_plugin) ignored
[0.896s] Level 1:colcon.colcon_core.package_identification:_identify(ros_ws/src/multipanda_ros2/mujoco_ros_pkgs/mujoco_ros_msgs) by extensions ['ignore', 'ignore_ament_install']
[0.896s] Level 1:colcon.colcon_core.package_identification:_identify(ros_ws/src/multipanda_ros2/mujoco_ros_pkgs/mujoco_ros_msgs) by extension 'ignore'
[0.896s] Level 1:colcon.colcon_core.package_identification:_identify(ros_ws/src/multipanda_ros2/mujoco_ros_pkgs/mujoco_ros_msgs) by extension 'ignore_ament_install'
[0.896s] Level 1:colcon.colcon_core.package_identification:_identify(ros_ws/src/multipanda_ros2/mujoco_ros_pkgs/mujoco_ros_msgs) by extensions ['colcon_pkg']
[0.896s] Level 1:colcon.colcon_core.package_identification:_identify(ros_ws/src/multipanda_ros2/mujoco_ros_pkgs/mujoco_ros_msgs) by extension 'colcon_pkg'
[0.897s] Level 1:colcon.colcon_core.package_identification:_identify(ros_ws/src/multipanda_ros2/mujoco_ros_pkgs/mujoco_ros_msgs) by extensions ['colcon_meta']
[0.897s] Level 1:colcon.colcon_core.package_identification:_identify(ros_ws/src/multipanda_ros2/mujoco_ros_pkgs/mujoco_ros_msgs) by extension 'colcon_meta'
[0.897s] Level 1:colcon.colcon_core.package_identification:_identify(ros_ws/src/multipanda_ros2/mujoco_ros_pkgs/mujoco_ros_msgs) by extensions ['ros']
[0.897s] Level 1:colcon.colcon_core.package_identification:_identify(ros_ws/src/multipanda_ros2/mujoco_ros_pkgs/mujoco_ros_msgs) by extension 'ros'
[0.904s] DEBUG:colcon.colcon_core.package_identification:Package 'ros_ws/src/multipanda_ros2/mujoco_ros_pkgs/mujoco_ros_msgs' with type 'ros.ament_cmake' and name 'mujoco_ros_msgs'
[0.904s] Level 1:colcon.colcon_core.package_identification:_identify(ros_ws/src/multipanda_ros2/mujoco_ros_pkgs/mujoco_ros_pkgs) by extensions ['ignore', 'ignore_ament_install']
[0.904s] Level 1:colcon.colcon_core.package_identification:_identify(ros_ws/src/multipanda_ros2/mujoco_ros_pkgs/mujoco_ros_pkgs) by extension 'ignore'
[0.904s] Level 1:colcon.colcon_core.package_identification:_identify(ros_ws/src/multipanda_ros2/mujoco_ros_pkgs/mujoco_ros_pkgs) by extension 'ignore_ament_install'
[0.905s] Level 1:colcon.colcon_core.package_identification:_identify(ros_ws/src/multipanda_ros2/mujoco_ros_pkgs/mujoco_ros_pkgs) by extensions ['colcon_pkg']
[0.905s] Level 1:colcon.colcon_core.package_identification:_identify(ros_ws/src/multipanda_ros2/mujoco_ros_pkgs/mujoco_ros_pkgs) by extension 'colcon_pkg'
[0.905s] Level 1:colcon.colcon_core.package_identification:_identify(ros_ws/src/multipanda_ros2/mujoco_ros_pkgs/mujoco_ros_pkgs) by extensions ['colcon_meta']
[0.905s] Level 1:colcon.colcon_core.package_identification:_identify(ros_ws/src/multipanda_ros2/mujoco_ros_pkgs/mujoco_ros_pkgs) by extension 'colcon_meta'
[0.905s] Level 1:colcon.colcon_core.package_identification:_identify(ros_ws/src/multipanda_ros2/mujoco_ros_pkgs/mujoco_ros_pkgs) by extensions ['ros']
[0.905s] Level 1:colcon.colcon_core.package_identification:_identify(ros_ws/src/multipanda_ros2/mujoco_ros_pkgs/mujoco_ros_pkgs) by extension 'ros'
[0.910s] DEBUG:colcon.colcon_core.package_identification:Package 'ros_ws/src/multipanda_ros2/mujoco_ros_pkgs/mujoco_ros_pkgs' with type 'ros.ament_cmake' and name 'mujoco_ros_pkgs'
[0.911s] Level 1:colcon.colcon_core.package_identification:_identify(ros_ws/src/multipanda_ros2/mujoco_ros_pkgs/mujoco_ros_sensors) by extensions ['ignore', 'ignore_ament_install']
[0.911s] Level 1:colcon.colcon_core.package_identification:_identify(ros_ws/src/multipanda_ros2/mujoco_ros_pkgs/mujoco_ros_sensors) by extension 'ignore'
[0.911s] Level 1:colcon.colcon_core.package_identification:_identify(ros_ws/src/multipanda_ros2/mujoco_ros_pkgs/mujoco_ros_sensors) ignored
[0.911s] Level 1:colcon.colcon_core.package_identification:_identify(ros_ws/src/multipanda_ros2/tools) by extensions ['ignore', 'ignore_ament_install']
[0.911s] Level 1:colcon.colcon_core.package_identification:_identify(ros_ws/src/multipanda_ros2/tools) by extension 'ignore'
[0.911s] Level 1:colcon.colcon_core.package_identification:_identify(ros_ws/src/multipanda_ros2/tools) by extension 'ignore_ament_install'
[0.911s] Level 1:colcon.colcon_core.package_identification:_identify(ros_ws/src/multipanda_ros2/tools) by extensions ['colcon_pkg']
[0.911s] Level 1:colcon.colcon_core.package_identification:_identify(ros_ws/src/multipanda_ros2/tools) by extension 'colcon_pkg'
[0.912s] Level 1:colcon.colcon_core.package_identification:_identify(ros_ws/src/multipanda_ros2/tools) by extensions ['colcon_meta']
[0.912s] Level 1:colcon.colcon_core.package_identification:_identify(ros_ws/src/multipanda_ros2/tools) by extension 'colcon_meta'
[0.912s] Level 1:colcon.colcon_core.package_identification:_identify(ros_ws/src/multipanda_ros2/tools) by extensions ['ros']
[0.912s] Level 1:colcon.colcon_core.package_identification:_identify(ros_ws/src/multipanda_ros2/tools) by extension 'ros'
[0.912s] Level 1:colcon.colcon_core.package_identification:_identify(ros_ws/src/multipanda_ros2/tools) by extensions ['cmake', 'python']
[0.912s] Level 1:colcon.colcon_core.package_identification:_identify(ros_ws/src/multipanda_ros2/tools) by extension 'cmake'
[0.912s] Level 1:colcon.colcon_core.package_identification:_identify(ros_ws/src/multipanda_ros2/tools) by extension 'python'
[0.912s] Level 1:colcon.colcon_core.package_identification:_identify(ros_ws/src/multipanda_ros2/tools) by extensions ['python_setup_py']
[0.912s] Level 1:colcon.colcon_core.package_identification:_identify(ros_ws/src/multipanda_ros2/tools) by extension 'python_setup_py'
[0.912s] Level 1:colcon.colcon_core.package_identification:_identify(ros_ws/src/nano17) by extensions ['ignore', 'ignore_ament_install']
[0.913s] Level 1:colcon.colcon_core.package_identification:_identify(ros_ws/src/nano17) by extension 'ignore'
[0.913s] Level 1:colcon.colcon_core.package_identification:_identify(ros_ws/src/nano17) by extension 'ignore_ament_install'
[0.913s] Level 1:colcon.colcon_core.package_identification:_identify(ros_ws/src/nano17) by extensions ['colcon_pkg']
[0.913s] Level 1:colcon.colcon_core.package_identification:_identify(ros_ws/src/nano17) by extension 'colcon_pkg'
[0.913s] Level 1:colcon.colcon_core.package_identification:_identify(ros_ws/src/nano17) by extensions ['colcon_meta']
[0.913s] Level 1:colcon.colcon_core.package_identification:_identify(ros_ws/src/nano17) by extension 'colcon_meta'
[0.913s] Level 1:colcon.colcon_core.package_identification:_identify(ros_ws/src/nano17) by extensions ['ros']
[0.913s] Level 1:colcon.colcon_core.package_identification:_identify(ros_ws/src/nano17) by extension 'ros'
[0.914s] DEBUG:colcon.colcon_core.package_identification:Package 'ros_ws/src/nano17' with type 'ros.ament_python' and name 'nano17'
[0.915s] Level 1:colcon.colcon_core.package_identification:_identify(ros_ws/src/objests_description) by extensions ['ignore', 'ignore_ament_install']
[0.915s] Level 1:colcon.colcon_core.package_identification:_identify(ros_ws/src/objests_description) by extension 'ignore'
[0.915s] Level 1:colcon.colcon_core.package_identification:_identify(ros_ws/src/objests_description) by extension 'ignore_ament_install'
[0.915s] Level 1:colcon.colcon_core.package_identification:_identify(ros_ws/src/objests_description) by extensions ['colcon_pkg']
[0.915s] Level 1:colcon.colcon_core.package_identification:_identify(ros_ws/src/objests_description) by extension 'colcon_pkg'
[0.915s] Level 1:colcon.colcon_core.package_identification:_identify(ros_ws/src/objests_description) by extensions ['colcon_meta']
[0.915s] Level 1:colcon.colcon_core.package_identification:_identify(ros_ws/src/objests_description) by extension 'colcon_meta'
[0.915s] Level 1:colcon.colcon_core.package_identification:_identify(ros_ws/src/objests_description) by extensions ['ros']
[0.915s] Level 1:colcon.colcon_core.package_identification:_identify(ros_ws/src/objests_description) by extension 'ros'
[0.917s] DEBUG:colcon.colcon_core.package_identification:Package 'ros_ws/src/objests_description' with type 'ros.ament_cmake' and name 'objests_description'
[0.917s] Level 1:colcon.colcon_core.package_identification:_identify(ros_ws/src/sparse_skin) by extensions ['ignore', 'ignore_ament_install']
[0.917s] Level 1:colcon.colcon_core.package_identification:_identify(ros_ws/src/sparse_skin) by extension 'ignore'
[0.917s] Level 1:colcon.colcon_core.package_identification:_identify(ros_ws/src/sparse_skin) by extension 'ignore_ament_install'
[0.917s] Level 1:colcon.colcon_core.package_identification:_identify(ros_ws/src/sparse_skin) by extensions ['colcon_pkg']
[0.917s] Level 1:colcon.colcon_core.package_identification:_identify(ros_ws/src/sparse_skin) by extension 'colcon_pkg'
[0.917s] Level 1:colcon.colcon_core.package_identification:_identify(ros_ws/src/sparse_skin) by extensions ['colcon_meta']
[0.917s] Level 1:colcon.colcon_core.package_identification:_identify(ros_ws/src/sparse_skin) by extension 'colcon_meta'
[0.918s] Level 1:colcon.colcon_core.package_identification:_identify(ros_ws/src/sparse_skin) by extensions ['ros']
[0.918s] Level 1:colcon.colcon_core.package_identification:_identify(ros_ws/src/sparse_skin) by extension 'ros'
[0.918s] Level 1:colcon.colcon_core.package_identification:_identify(ros_ws/src/sparse_skin) by extensions ['cmake', 'python']
[0.918s] Level 1:colcon.colcon_core.package_identification:_identify(ros_ws/src/sparse_skin) by extension 'cmake'
[0.918s] Level 1:colcon.colcon_core.package_identification:_identify(ros_ws/src/sparse_skin) by extension 'python'
[0.918s] Level 1:colcon.colcon_core.package_identification:_identify(ros_ws/src/sparse_skin) by extensions ['python_setup_py']
[0.918s] Level 1:colcon.colcon_core.package_identification:_identify(ros_ws/src/sparse_skin) by extension 'python_setup_py'
[0.918s] Level 1:colcon.colcon_core.package_identification:_identify(ros_ws/src/sparse_skin/hug) by extensions ['ignore', 'ignore_ament_install']
[0.918s] Level 1:colcon.colcon_core.package_identification:_identify(ros_ws/src/sparse_skin/hug) by extension 'ignore'
[0.919s] Level 1:colcon.colcon_core.package_identification:_identify(ros_ws/src/sparse_skin/hug) by extension 'ignore_ament_install'
[0.919s] Level 1:colcon.colcon_core.package_identification:_identify(ros_ws/src/sparse_skin/hug) by extensions ['colcon_pkg']
[0.919s] Level 1:colcon.colcon_core.package_identification:_identify(ros_ws/src/sparse_skin/hug) by extension 'colcon_pkg'
[0.919s] Level 1:colcon.colcon_core.package_identification:_identify(ros_ws/src/sparse_skin/hug) by extensions ['colcon_meta']
[0.919s] Level 1:colcon.colcon_core.package_identification:_identify(ros_ws/src/sparse_skin/hug) by extension 'colcon_meta'
[0.919s] Level 1:colcon.colcon_core.package_identification:_identify(ros_ws/src/sparse_skin/hug) by extensions ['ros']
[0.919s] Level 1:colcon.colcon_core.package_identification:_identify(ros_ws/src/sparse_skin/hug) by extension 'ros'
[0.919s] Level 1:colcon.colcon_core.package_identification:_identify(ros_ws/src/sparse_skin/hug) by extensions ['cmake', 'python']
[0.919s] Level 1:colcon.colcon_core.package_identification:_identify(ros_ws/src/sparse_skin/hug) by extension 'cmake'
[0.919s] Level 1:colcon.colcon_core.package_identification:_identify(ros_ws/src/sparse_skin/hug) by extension 'python'
[0.919s] Level 1:colcon.colcon_core.package_identification:_identify(ros_ws/src/sparse_skin/hug) by extensions ['python_setup_py']
[0.919s] Level 1:colcon.colcon_core.package_identification:_identify(ros_ws/src/sparse_skin/hug) by extension 'python_setup_py'
[0.920s] Level 1:colcon.colcon_core.package_identification:_identify(ros_ws/src/sparse_skin/hug/assets) by extensions ['ignore', 'ignore_ament_install']
[0.920s] Level 1:colcon.colcon_core.package_identification:_identify(ros_ws/src/sparse_skin/hug/assets) by extension 'ignore'
[0.920s] Level 1:colcon.colcon_core.package_identification:_identify(ros_ws/src/sparse_skin/hug/assets) by extension 'ignore_ament_install'
[0.920s] Level 1:colcon.colcon_core.package_identification:_identify(ros_ws/src/sparse_skin/hug/assets) by extensions ['colcon_pkg']
[0.920s] Level 1:colcon.colcon_core.package_identification:_identify(ros_ws/src/sparse_skin/hug/assets) by extension 'colcon_pkg'
[0.920s] Level 1:colcon.colcon_core.package_identification:_identify(ros_ws/src/sparse_skin/hug/assets) by extensions ['colcon_meta']
[0.920s] Level 1:colcon.colcon_core.package_identification:_identify(ros_ws/src/sparse_skin/hug/assets) by extension 'colcon_meta'
[0.920s] Level 1:colcon.colcon_core.package_identification:_identify(ros_ws/src/sparse_skin/hug/assets) by extensions ['ros']
[0.920s] Level 1:colcon.colcon_core.package_identification:_identify(ros_ws/src/sparse_skin/hug/assets) by extension 'ros'
[0.920s] Level 1:colcon.colcon_core.package_identification:_identify(ros_ws/src/sparse_skin/hug/assets) by extensions ['cmake', 'python']
[0.920s] Level 1:colcon.colcon_core.package_identification:_identify(ros_ws/src/sparse_skin/hug/assets) by extension 'cmake'
[0.921s] Level 1:colcon.colcon_core.package_identification:_identify(ros_ws/src/sparse_skin/hug/assets) by extension 'python'
[0.921s] Level 1:colcon.colcon_core.package_identification:_identify(ros_ws/src/sparse_skin/hug/assets) by extensions ['python_setup_py']
[0.921s] Level 1:colcon.colcon_core.package_identification:_identify(ros_ws/src/sparse_skin/hug/assets) by extension 'python_setup_py'
[0.921s] Level 1:colcon.colcon_core.package_identification:_identify(ros_ws/src/sparse_skin/hug/assets/img) by extensions ['ignore', 'ignore_ament_install']
[0.921s] Level 1:colcon.colcon_core.package_identification:_identify(ros_ws/src/sparse_skin/hug/assets/img) by extension 'ignore'
[0.921s] Level 1:colcon.colcon_core.package_identification:_identify(ros_ws/src/sparse_skin/hug/assets/img) by extension 'ignore_ament_install'
[0.921s] Level 1:colcon.colcon_core.package_identification:_identify(ros_ws/src/sparse_skin/hug/assets/img) by extensions ['colcon_pkg']
[0.921s] Level 1:colcon.colcon_core.package_identification:_identify(ros_ws/src/sparse_skin/hug/assets/img) by extension 'colcon_pkg'
[0.921s] Level 1:colcon.colcon_core.package_identification:_identify(ros_ws/src/sparse_skin/hug/assets/img) by extensions ['colcon_meta']
[0.921s] Level 1:colcon.colcon_core.package_identification:_identify(ros_ws/src/sparse_skin/hug/assets/img) by extension 'colcon_meta'
[0.921s] Level 1:colcon.colcon_core.package_identification:_identify(ros_ws/src/sparse_skin/hug/assets/img) by extensions ['ros']
[0.921s] Level 1:colcon.colcon_core.package_identification:_identify(ros_ws/src/sparse_skin/hug/assets/img) by extension 'ros'
[0.922s] Level 1:colcon.colcon_core.package_identification:_identify(ros_ws/src/sparse_skin/hug/assets/img) by extensions ['cmake', 'python']
[0.922s] Level 1:colcon.colcon_core.package_identification:_identify(ros_ws/src/sparse_skin/hug/assets/img) by extension 'cmake'
[0.922s] Level 1:colcon.colcon_core.package_identification:_identify(ros_ws/src/sparse_skin/hug/assets/img) by extension 'python'
[0.922s] Level 1:colcon.colcon_core.package_identification:_identify(ros_ws/src/sparse_skin/hug/assets/img) by extensions ['python_setup_py']
[0.922s] Level 1:colcon.colcon_core.package_identification:_identify(ros_ws/src/sparse_skin/hug/assets/img) by extension 'python_setup_py'
[0.922s] Level 1:colcon.colcon_core.package_identification:_identify(ros_ws/src/sparse_skin/hug/data) by extensions ['ignore', 'ignore_ament_install']
[0.922s] Level 1:colcon.colcon_core.package_identification:_identify(ros_ws/src/sparse_skin/hug/data) by extension 'ignore'
[0.922s] Level 1:colcon.colcon_core.package_identification:_identify(ros_ws/src/sparse_skin/hug/data) by extension 'ignore_ament_install'
[0.922s] Level 1:colcon.colcon_core.package_identification:_identify(ros_ws/src/sparse_skin/hug/data) by extensions ['colcon_pkg']
[0.922s] Level 1:colcon.colcon_core.package_identification:_identify(ros_ws/src/sparse_skin/hug/data) by extension 'colcon_pkg'
[0.922s] Level 1:colcon.colcon_core.package_identification:_identify(ros_ws/src/sparse_skin/hug/data) by extensions ['colcon_meta']
[0.923s] Level 1:colcon.colcon_core.package_identification:_identify(ros_ws/src/sparse_skin/hug/data) by extension 'colcon_meta'
[0.923s] Level 1:colcon.colcon_core.package_identification:_identify(ros_ws/src/sparse_skin/hug/data) by extensions ['ros']
[0.923s] Level 1:colcon.colcon_core.package_identification:_identify(ros_ws/src/sparse_skin/hug/data) by extension 'ros'
[0.923s] Level 1:colcon.colcon_core.package_identification:_identify(ros_ws/src/sparse_skin/hug/data) by extensions ['cmake', 'python']
[0.923s] Level 1:colcon.colcon_core.package_identification:_identify(ros_ws/src/sparse_skin/hug/data) by extension 'cmake'
[0.923s] Level 1:colcon.colcon_core.package_identification:_identify(ros_ws/src/sparse_skin/hug/data) by extension 'python'
[0.923s] Level 1:colcon.colcon_core.package_identification:_identify(ros_ws/src/sparse_skin/hug/data) by extensions ['python_setup_py']
[0.923s] Level 1:colcon.colcon_core.package_identification:_identify(ros_ws/src/sparse_skin/hug/data) by extension 'python_setup_py'
[0.923s] Level 1:colcon.colcon_core.package_identification:_identify(ros_ws/src/sparse_skin/hug/data/custom) by extensions ['ignore', 'ignore_ament_install']
[0.923s] Level 1:colcon.colcon_core.package_identification:_identify(ros_ws/src/sparse_skin/hug/data/custom) by extension 'ignore'
[0.923s] Level 1:colcon.colcon_core.package_identification:_identify(ros_ws/src/sparse_skin/hug/data/custom) by extension 'ignore_ament_install'
[0.924s] Level 1:colcon.colcon_core.package_identification:_identify(ros_ws/src/sparse_skin/hug/data/custom) by extensions ['colcon_pkg']
[0.924s] Level 1:colcon.colcon_core.package_identification:_identify(ros_ws/src/sparse_skin/hug/data/custom) by extension 'colcon_pkg'
[0.924s] Level 1:colcon.colcon_core.package_identification:_identify(ros_ws/src/sparse_skin/hug/data/custom) by extensions ['colcon_meta']
[0.924s] Level 1:colcon.colcon_core.package_identification:_identify(ros_ws/src/sparse_skin/hug/data/custom) by extension 'colcon_meta'
[0.924s] Level 1:colcon.colcon_core.package_identification:_identify(ros_ws/src/sparse_skin/hug/data/custom) by extensions ['ros']
[0.924s] Level 1:colcon.colcon_core.package_identification:_identify(ros_ws/src/sparse_skin/hug/data/custom) by extension 'ros'
[0.924s] Level 1:colcon.colcon_core.package_identification:_identify(ros_ws/src/sparse_skin/hug/data/custom) by extensions ['cmake', 'python']
[0.924s] Level 1:colcon.colcon_core.package_identification:_identify(ros_ws/src/sparse_skin/hug/data/custom) by extension 'cmake'
[0.924s] Level 1:colcon.colcon_core.package_identification:_identify(ros_ws/src/sparse_skin/hug/data/custom) by extension 'python'
[0.924s] Level 1:colcon.colcon_core.package_identification:_identify(ros_ws/src/sparse_skin/hug/data/custom) by extensions ['python_setup_py']
[0.924s] Level 1:colcon.colcon_core.package_identification:_identify(ros_ws/src/sparse_skin/hug/data/custom) by extension 'python_setup_py'
[0.924s] Level 1:colcon.colcon_core.package_identification:_identify(ros_ws/src/sparse_skin/hug/data/hug_bench) by extensions ['ignore', 'ignore_ament_install']
[0.925s] Level 1:colcon.colcon_core.package_identification:_identify(ros_ws/src/sparse_skin/hug/data/hug_bench) by extension 'ignore'
[0.925s] Level 1:colcon.colcon_core.package_identification:_identify(ros_ws/src/sparse_skin/hug/data/hug_bench) by extension 'ignore_ament_install'
[0.925s] Level 1:colcon.colcon_core.package_identification:_identify(ros_ws/src/sparse_skin/hug/data/hug_bench) by extensions ['colcon_pkg']
[0.925s] Level 1:colcon.colcon_core.package_identification:_identify(ros_ws/src/sparse_skin/hug/data/hug_bench) by extension 'colcon_pkg'
[0.925s] Level 1:colcon.colcon_core.package_identification:_identify(ros_ws/src/sparse_skin/hug/data/hug_bench) by extensions ['colcon_meta']
[0.925s] Level 1:colcon.colcon_core.package_identification:_identify(ros_ws/src/sparse_skin/hug/data/hug_bench) by extension 'colcon_meta'
[0.925s] Level 1:colcon.colcon_core.package_identification:_identify(ros_ws/src/sparse_skin/hug/data/hug_bench) by extensions ['ros']
[0.925s] Level 1:colcon.colcon_core.package_identification:_identify(ros_ws/src/sparse_skin/hug/data/hug_bench) by extension 'ros'
[0.925s] Level 1:colcon.colcon_core.package_identification:_identify(ros_ws/src/sparse_skin/hug/data/hug_bench) by extensions ['cmake', 'python']
[0.925s] Level 1:colcon.colcon_core.package_identification:_identify(ros_ws/src/sparse_skin/hug/data/hug_bench) by extension 'cmake'
[0.925s] Level 1:colcon.colcon_core.package_identification:_identify(ros_ws/src/sparse_skin/hug/data/hug_bench) by extension 'python'
[0.925s] Level 1:colcon.colcon_core.package_identification:_identify(ros_ws/src/sparse_skin/hug/data/hug_bench) by extensions ['python_setup_py']
[0.925s] Level 1:colcon.colcon_core.package_identification:_identify(ros_ws/src/sparse_skin/hug/data/hug_bench) by extension 'python_setup_py'
[0.926s] Level 1:colcon.colcon_core.package_identification:_identify(ros_ws/src/sparse_skin/hug/src) by extensions ['ignore', 'ignore_ament_install']
[0.926s] Level 1:colcon.colcon_core.package_identification:_identify(ros_ws/src/sparse_skin/hug/src) by extension 'ignore'
[0.926s] Level 1:colcon.colcon_core.package_identification:_identify(ros_ws/src/sparse_skin/hug/src) by extension 'ignore_ament_install'
[0.926s] Level 1:colcon.colcon_core.package_identification:_identify(ros_ws/src/sparse_skin/hug/src) by extensions ['colcon_pkg']
[0.926s] Level 1:colcon.colcon_core.package_identification:_identify(ros_ws/src/sparse_skin/hug/src) by extension 'colcon_pkg'
[0.926s] Level 1:colcon.colcon_core.package_identification:_identify(ros_ws/src/sparse_skin/hug/src) by extensions ['colcon_meta']
[0.926s] Level 1:colcon.colcon_core.package_identification:_identify(ros_ws/src/sparse_skin/hug/src) by extension 'colcon_meta'
[0.926s] Level 1:colcon.colcon_core.package_identification:_identify(ros_ws/src/sparse_skin/hug/src) by extensions ['ros']
[0.926s] Level 1:colcon.colcon_core.package_identification:_identify(ros_ws/src/sparse_skin/hug/src) by extension 'ros'
[0.926s] Level 1:colcon.colcon_core.package_identification:_identify(ros_ws/src/sparse_skin/hug/src) by extensions ['cmake', 'python']
[0.926s] Level 1:colcon.colcon_core.package_identification:_identify(ros_ws/src/sparse_skin/hug/src) by extension 'cmake'
[0.927s] Level 1:colcon.colcon_core.package_identification:_identify(ros_ws/src/sparse_skin/hug/src) by extension 'python'
[0.927s] Level 1:colcon.colcon_core.package_identification:_identify(ros_ws/src/sparse_skin/hug/src) by extensions ['python_setup_py']
[0.927s] Level 1:colcon.colcon_core.package_identification:_identify(ros_ws/src/sparse_skin/hug/src) by extension 'python_setup_py'
[0.927s] Level 1:colcon.colcon_core.package_identification:_identify(ros_ws/src/sparse_skin/hug/src/dataloader) by extensions ['ignore', 'ignore_ament_install']
[0.927s] Level 1:colcon.colcon_core.package_identification:_identify(ros_ws/src/sparse_skin/hug/src/dataloader) by extension 'ignore'
[0.927s] Level 1:colcon.colcon_core.package_identification:_identify(ros_ws/src/sparse_skin/hug/src/dataloader) by extension 'ignore_ament_install'
[0.927s] Level 1:colcon.colcon_core.package_identification:_identify(ros_ws/src/sparse_skin/hug/src/dataloader) by extensions ['colcon_pkg']
[0.927s] Level 1:colcon.colcon_core.package_identification:_identify(ros_ws/src/sparse_skin/hug/src/dataloader) by extension 'colcon_pkg'
[0.927s] Level 1:colcon.colcon_core.package_identification:_identify(ros_ws/src/sparse_skin/hug/src/dataloader) by extensions ['colcon_meta']
[0.927s] Level 1:colcon.colcon_core.package_identification:_identify(ros_ws/src/sparse_skin/hug/src/dataloader) by extension 'colcon_meta'
[0.927s] Level 1:colcon.colcon_core.package_identification:_identify(ros_ws/src/sparse_skin/hug/src/dataloader) by extensions ['ros']
[0.927s] Level 1:colcon.colcon_core.package_identification:_identify(ros_ws/src/sparse_skin/hug/src/dataloader) by extension 'ros'
[0.928s] Level 1:colcon.colcon_core.package_identification:_identify(ros_ws/src/sparse_skin/hug/src/dataloader) by extensions ['cmake', 'python']
[0.928s] Level 1:colcon.colcon_core.package_identification:_identify(ros_ws/src/sparse_skin/hug/src/dataloader) by extension 'cmake'
[0.928s] Level 1:colcon.colcon_core.package_identification:_identify(ros_ws/src/sparse_skin/hug/src/dataloader) by extension 'python'
[0.928s] Level 1:colcon.colcon_core.package_identification:_identify(ros_ws/src/sparse_skin/hug/src/dataloader) by extensions ['python_setup_py']
[0.928s] Level 1:colcon.colcon_core.package_identification:_identify(ros_ws/src/sparse_skin/hug/src/dataloader) by extension 'python_setup_py'
[0.928s] Level 1:colcon.colcon_core.package_identification:_identify(ros_ws/src/sparse_skin/hug/src/models) by extensions ['ignore', 'ignore_ament_install']
[0.928s] Level 1:colcon.colcon_core.package_identification:_identify(ros_ws/src/sparse_skin/hug/src/models) by extension 'ignore'
[0.928s] Level 1:colcon.colcon_core.package_identification:_identify(ros_ws/src/sparse_skin/hug/src/models) by extension 'ignore_ament_install'
[0.928s] Level 1:colcon.colcon_core.package_identification:_identify(ros_ws/src/sparse_skin/hug/src/models) by extensions ['colcon_pkg']
[0.928s] Level 1:colcon.colcon_core.package_identification:_identify(ros_ws/src/sparse_skin/hug/src/models) by extension 'colcon_pkg'
[0.928s] Level 1:colcon.colcon_core.package_identification:_identify(ros_ws/src/sparse_skin/hug/src/models) by extensions ['colcon_meta']
[0.928s] Level 1:colcon.colcon_core.package_identification:_identify(ros_ws/src/sparse_skin/hug/src/models) by extension 'colcon_meta'
[0.928s] Level 1:colcon.colcon_core.package_identification:_identify(ros_ws/src/sparse_skin/hug/src/models) by extensions ['ros']
[0.929s] Level 1:colcon.colcon_core.package_identification:_identify(ros_ws/src/sparse_skin/hug/src/models) by extension 'ros'
[0.929s] Level 1:colcon.colcon_core.package_identification:_identify(ros_ws/src/sparse_skin/hug/src/models) by extensions ['cmake', 'python']
[0.929s] Level 1:colcon.colcon_core.package_identification:_identify(ros_ws/src/sparse_skin/hug/src/models) by extension 'cmake'
[0.929s] Level 1:colcon.colcon_core.package_identification:_identify(ros_ws/src/sparse_skin/hug/src/models) by extension 'python'
[0.929s] Level 1:colcon.colcon_core.package_identification:_identify(ros_ws/src/sparse_skin/hug/src/models) by extensions ['python_setup_py']
[0.929s] Level 1:colcon.colcon_core.package_identification:_identify(ros_ws/src/sparse_skin/hug/src/models) by extension 'python_setup_py'
[0.929s] Level 1:colcon.colcon_core.package_identification:_identify(ros_ws/src/sparse_skin/hug/src/utils) by extensions ['ignore', 'ignore_ament_install']
[0.929s] Level 1:colcon.colcon_core.package_identification:_identify(ros_ws/src/sparse_skin/hug/src/utils) by extension 'ignore'
[0.929s] Level 1:colcon.colcon_core.package_identification:_identify(ros_ws/src/sparse_skin/hug/src/utils) by extension 'ignore_ament_install'
[0.929s] Level 1:colcon.colcon_core.package_identification:_identify(ros_ws/src/sparse_skin/hug/src/utils) by extensions ['colcon_pkg']
[0.929s] Level 1:colcon.colcon_core.package_identification:_identify(ros_ws/src/sparse_skin/hug/src/utils) by extension 'colcon_pkg'
[0.929s] Level 1:colcon.colcon_core.package_identification:_identify(ros_ws/src/sparse_skin/hug/src/utils) by extensions ['colcon_meta']
[0.929s] Level 1:colcon.colcon_core.package_identification:_identify(ros_ws/src/sparse_skin/hug/src/utils) by extension 'colcon_meta'
[0.930s] Level 1:colcon.colcon_core.package_identification:_identify(ros_ws/src/sparse_skin/hug/src/utils) by extensions ['ros']
[0.930s] Level 1:colcon.colcon_core.package_identification:_identify(ros_ws/src/sparse_skin/hug/src/utils) by extension 'ros'
[0.930s] Level 1:colcon.colcon_core.package_identification:_identify(ros_ws/src/sparse_skin/hug/src/utils) by extensions ['cmake', 'python']
[0.930s] Level 1:colcon.colcon_core.package_identification:_identify(ros_ws/src/sparse_skin/hug/src/utils) by extension 'cmake'
[0.930s] Level 1:colcon.colcon_core.package_identification:_identify(ros_ws/src/sparse_skin/hug/src/utils) by extension 'python'
[0.930s] Level 1:colcon.colcon_core.package_identification:_identify(ros_ws/src/sparse_skin/hug/src/utils) by extensions ['python_setup_py']
[0.930s] Level 1:colcon.colcon_core.package_identification:_identify(ros_ws/src/sparse_skin/hug/src/utils) by extension 'python_setup_py'
[0.930s] Level 1:colcon.colcon_core.package_identification:_identify(ros_ws/src/sparse_skin/sparsh-multisensory-touch) by extensions ['ignore', 'ignore_ament_install']
[0.930s] Level 1:colcon.colcon_core.package_identification:_identify(ros_ws/src/sparse_skin/sparsh-multisensory-touch) by extension 'ignore'
[0.930s] Level 1:colcon.colcon_core.package_identification:_identify(ros_ws/src/sparse_skin/sparsh-multisensory-touch) by extension 'ignore_ament_install'
[0.930s] Level 1:colcon.colcon_core.package_identification:_identify(ros_ws/src/sparse_skin/sparsh-multisensory-touch) by extensions ['colcon_pkg']
[0.931s] Level 1:colcon.colcon_core.package_identification:_identify(ros_ws/src/sparse_skin/sparsh-multisensory-touch) by extension 'colcon_pkg'
[0.931s] Level 1:colcon.colcon_core.package_identification:_identify(ros_ws/src/sparse_skin/sparsh-multisensory-touch) by extensions ['colcon_meta']
[0.931s] Level 1:colcon.colcon_core.package_identification:_identify(ros_ws/src/sparse_skin/sparsh-multisensory-touch) by extension 'colcon_meta'
[0.931s] Level 1:colcon.colcon_core.package_identification:_identify(ros_ws/src/sparse_skin/sparsh-multisensory-touch) by extensions ['ros']
[0.931s] Level 1:colcon.colcon_core.package_identification:_identify(ros_ws/src/sparse_skin/sparsh-multisensory-touch) by extension 'ros'
[0.931s] Level 1:colcon.colcon_core.package_identification:_identify(ros_ws/src/sparse_skin/sparsh-multisensory-touch) by extensions ['cmake', 'python']
[0.931s] Level 1:colcon.colcon_core.package_identification:_identify(ros_ws/src/sparse_skin/sparsh-multisensory-touch) by extension 'cmake'
[0.931s] Level 1:colcon.colcon_core.package_identification:_identify(ros_ws/src/sparse_skin/sparsh-multisensory-touch) by extension 'python'
[0.931s] DEBUG:colcon.colcon_core.package_identification:Python package in 'ros_ws/src/sparse_skin/sparsh-multisensory-touch' passes arguments to the setup() function which requires a different identification extension than 'python'
[0.931s] Level 1:colcon.colcon_core.package_identification:_identify(ros_ws/src/sparse_skin/sparsh-multisensory-touch) by extensions ['python_setup_py']
[0.931s] Level 1:colcon.colcon_core.package_identification:_identify(ros_ws/src/sparse_skin/sparsh-multisensory-touch) by extension 'python_setup_py'
[1.491s] DEBUG:colcon.colcon_core.package_identification:Package 'ros_ws/src/sparse_skin/sparsh-multisensory-touch' with type 'python' and name 'tactile_ssl'
[1.492s] Level 1:colcon.colcon_core.package_identification:_identify(ros_ws/src/sparse_skin/xela_sparshskin) by extensions ['ignore', 'ignore_ament_install']
[1.492s] Level 1:colcon.colcon_core.package_identification:_identify(ros_ws/src/sparse_skin/xela_sparshskin) by extension 'ignore'
[1.492s] Level 1:colcon.colcon_core.package_identification:_identify(ros_ws/src/sparse_skin/xela_sparshskin) by extension 'ignore_ament_install'
[1.492s] Level 1:colcon.colcon_core.package_identification:_identify(ros_ws/src/sparse_skin/xela_sparshskin) by extensions ['colcon_pkg']
[1.492s] Level 1:colcon.colcon_core.package_identification:_identify(ros_ws/src/sparse_skin/xela_sparshskin) by extension 'colcon_pkg'
[1.492s] Level 1:colcon.colcon_core.package_identification:_identify(ros_ws/src/sparse_skin/xela_sparshskin) by extensions ['colcon_meta']
[1.493s] Level 1:colcon.colcon_core.package_identification:_identify(ros_ws/src/sparse_skin/xela_sparshskin) by extension 'colcon_meta'
[1.493s] Level 1:colcon.colcon_core.package_identification:_identify(ros_ws/src/sparse_skin/xela_sparshskin) by extensions ['ros']
[1.493s] Level 1:colcon.colcon_core.package_identification:_identify(ros_ws/src/sparse_skin/xela_sparshskin) by extension 'ros'
[1.493s] Level 1:colcon.colcon_core.package_identification:_identify(ros_ws/src/sparse_skin/xela_sparshskin) by extensions ['cmake', 'python']
[1.493s] Level 1:colcon.colcon_core.package_identification:_identify(ros_ws/src/sparse_skin/xela_sparshskin) by extension 'cmake'
[1.493s] Level 1:colcon.colcon_core.package_identification:_identify(ros_ws/src/sparse_skin/xela_sparshskin) by extension 'python'
[1.493s] Level 1:colcon.colcon_core.package_identification:_identify(ros_ws/src/sparse_skin/xela_sparshskin) by extensions ['python_setup_py']
[1.493s] Level 1:colcon.colcon_core.package_identification:_identify(ros_ws/src/sparse_skin/xela_sparshskin) by extension 'python_setup_py'
[1.493s] Level 1:colcon.colcon_core.package_identification:_identify(ros_ws/src/sparse_skin/xela_sparshskin/leapXela_sparshskin_data_collection) by extensions ['ignore', 'ignore_ament_install']
[1.494s] Level 1:colcon.colcon_core.package_identification:_identify(ros_ws/src/sparse_skin/xela_sparshskin/leapXela_sparshskin_data_collection) by extension 'ignore'
[1.494s] Level 1:colcon.colcon_core.package_identification:_identify(ros_ws/src/sparse_skin/xela_sparshskin/leapXela_sparshskin_data_collection) by extension 'ignore_ament_install'
[1.494s] Level 1:colcon.colcon_core.package_identification:_identify(ros_ws/src/sparse_skin/xela_sparshskin/leapXela_sparshskin_data_collection) by extensions ['colcon_pkg']
[1.494s] Level 1:colcon.colcon_core.package_identification:_identify(ros_ws/src/sparse_skin/xela_sparshskin/leapXela_sparshskin_data_collection) by extension 'colcon_pkg'
[1.494s] Level 1:colcon.colcon_core.package_identification:_identify(ros_ws/src/sparse_skin/xela_sparshskin/leapXela_sparshskin_data_collection) by extensions ['colcon_meta']
[1.494s] Level 1:colcon.colcon_core.package_identification:_identify(ros_ws/src/sparse_skin/xela_sparshskin/leapXela_sparshskin_data_collection) by extension 'colcon_meta'
[1.494s] Level 1:colcon.colcon_core.package_identification:_identify(ros_ws/src/sparse_skin/xela_sparshskin/leapXela_sparshskin_data_collection) by extensions ['ros']
[1.494s] Level 1:colcon.colcon_core.package_identification:_identify(ros_ws/src/sparse_skin/xela_sparshskin/leapXela_sparshskin_data_collection) by extension 'ros'
[1.496s] DEBUG:colcon.colcon_core.package_identification:Package 'ros_ws/src/sparse_skin/xela_sparshskin/leapXela_sparshskin_data_collection' with type 'ros.ament_python' and name 'leapXela_sparshskin_data_collection'
[1.496s] Level 1:colcon.colcon_core.package_identification:_identify(ros_ws/src/sparse_skin/xela_sparshskin/leapXela_sparshskin_msgs) by extensions ['ignore', 'ignore_ament_install']
[1.497s] Level 1:colcon.colcon_core.package_identification:_identify(ros_ws/src/sparse_skin/xela_sparshskin/leapXela_sparshskin_msgs) by extension 'ignore'
[1.497s] Level 1:colcon.colcon_core.package_identification:_identify(ros_ws/src/sparse_skin/xela_sparshskin/leapXela_sparshskin_msgs) by extension 'ignore_ament_install'
[1.497s] Level 1:colcon.colcon_core.package_identification:_identify(ros_ws/src/sparse_skin/xela_sparshskin/leapXela_sparshskin_msgs) by extensions ['colcon_pkg']
[1.497s] Level 1:colcon.colcon_core.package_identification:_identify(ros_ws/src/sparse_skin/xela_sparshskin/leapXela_sparshskin_msgs) by extension 'colcon_pkg'
[1.497s] Level 1:colcon.colcon_core.package_identification:_identify(ros_ws/src/sparse_skin/xela_sparshskin/leapXela_sparshskin_msgs) by extensions ['colcon_meta']
[1.497s] Level 1:colcon.colcon_core.package_identification:_identify(ros_ws/src/sparse_skin/xela_sparshskin/leapXela_sparshskin_msgs) by extension 'colcon_meta'
[1.497s] Level 1:colcon.colcon_core.package_identification:_identify(ros_ws/src/sparse_skin/xela_sparshskin/leapXela_sparshskin_msgs) by extensions ['ros']
[1.497s] Level 1:colcon.colcon_core.package_identification:_identify(ros_ws/src/sparse_skin/xela_sparshskin/leapXela_sparshskin_msgs) by extension 'ros'
[1.497s] Level 1:colcon.colcon_core.package_identification:_identify(ros_ws/src/sparse_skin/xela_sparshskin/leapXela_sparshskin_msgs) by extensions ['cmake', 'python']
[1.497s] Level 1:colcon.colcon_core.package_identification:_identify(ros_ws/src/sparse_skin/xela_sparshskin/leapXela_sparshskin_msgs) by extension 'cmake'
[1.497s] Level 1:colcon.colcon_core.package_identification:_identify(ros_ws/src/sparse_skin/xela_sparshskin/leapXela_sparshskin_msgs) by extension 'python'
[1.497s] Level 1:colcon.colcon_core.package_identification:_identify(ros_ws/src/sparse_skin/xela_sparshskin/leapXela_sparshskin_msgs) by extensions ['python_setup_py']
[1.497s] Level 1:colcon.colcon_core.package_identification:_identify(ros_ws/src/sparse_skin/xela_sparshskin/leapXela_sparshskin_msgs) by extension 'python_setup_py'
[1.498s] Level 1:colcon.colcon_core.package_identification:_identify(ros_ws/src/sparse_skin/xela_sparshskin/leapXela_sparshskin_msgs/action) by extensions ['ignore', 'ignore_ament_install']
[1.498s] Level 1:colcon.colcon_core.package_identification:_identify(ros_ws/src/sparse_skin/xela_sparshskin/leapXela_sparshskin_msgs/action) by extension 'ignore'
[1.498s] Level 1:colcon.colcon_core.package_identification:_identify(ros_ws/src/sparse_skin/xela_sparshskin/leapXela_sparshskin_msgs/action) by extension 'ignore_ament_install'
[1.498s] Level 1:colcon.colcon_core.package_identification:_identify(ros_ws/src/sparse_skin/xela_sparshskin/leapXela_sparshskin_msgs/action) by extensions ['colcon_pkg']
[1.498s] Level 1:colcon.colcon_core.package_identification:_identify(ros_ws/src/sparse_skin/xela_sparshskin/leapXela_sparshskin_msgs/action) by extension 'colcon_pkg'
[1.498s] Level 1:colcon.colcon_core.package_identification:_identify(ros_ws/src/sparse_skin/xela_sparshskin/leapXela_sparshskin_msgs/action) by extensions ['colcon_meta']
[1.498s] Level 1:colcon.colcon_core.package_identification:_identify(ros_ws/src/sparse_skin/xela_sparshskin/leapXela_sparshskin_msgs/action) by extension 'colcon_meta'
[1.498s] Level 1:colcon.colcon_core.package_identification:_identify(ros_ws/src/sparse_skin/xela_sparshskin/leapXela_sparshskin_msgs/action) by extensions ['ros']
[1.498s] Level 1:colcon.colcon_core.package_identification:_identify(ros_ws/src/sparse_skin/xela_sparshskin/leapXela_sparshskin_msgs/action) by extension 'ros'
[1.498s] Level 1:colcon.colcon_core.package_identification:_identify(ros_ws/src/sparse_skin/xela_sparshskin/leapXela_sparshskin_msgs/action) by extensions ['cmake', 'python']
[1.499s] Level 1:colcon.colcon_core.package_identification:_identify(ros_ws/src/sparse_skin/xela_sparshskin/leapXela_sparshskin_msgs/action) by extension 'cmake'
[1.499s] Level 1:colcon.colcon_core.package_identification:_identify(ros_ws/src/sparse_skin/xela_sparshskin/leapXela_sparshskin_msgs/action) by extension 'python'
[1.499s] Level 1:colcon.colcon_core.package_identification:_identify(ros_ws/src/sparse_skin/xela_sparshskin/leapXela_sparshskin_msgs/action) by extensions ['python_setup_py']
[1.499s] Level 1:colcon.colcon_core.package_identification:_identify(ros_ws/src/sparse_skin/xela_sparshskin/leapXela_sparshskin_msgs/action) by extension 'python_setup_py'
[1.499s] Level 1:colcon.colcon_core.package_identification:_identify(ros_ws/src/sparse_skin/xela_sparshskin/leapXela_sparshskin_msgs/resource) by extensions ['ignore', 'ignore_ament_install']
[1.499s] Level 1:colcon.colcon_core.package_identification:_identify(ros_ws/src/sparse_skin/xela_sparshskin/leapXela_sparshskin_msgs/resource) by extension 'ignore'
[1.499s] Level 1:colcon.colcon_core.package_identification:_identify(ros_ws/src/sparse_skin/xela_sparshskin/leapXela_sparshskin_msgs/resource) by extension 'ignore_ament_install'
[1.499s] Level 1:colcon.colcon_core.package_identification:_identify(ros_ws/src/sparse_skin/xela_sparshskin/leapXela_sparshskin_msgs/resource) by extensions ['colcon_pkg']
[1.499s] Level 1:colcon.colcon_core.package_identification:_identify(ros_ws/src/sparse_skin/xela_sparshskin/leapXela_sparshskin_msgs/resource) by extension 'colcon_pkg'
[1.499s] Level 1:colcon.colcon_core.package_identification:_identify(ros_ws/src/sparse_skin/xela_sparshskin/leapXela_sparshskin_msgs/resource) by extensions ['colcon_meta']
[1.499s] Level 1:colcon.colcon_core.package_identification:_identify(ros_ws/src/sparse_skin/xela_sparshskin/leapXela_sparshskin_msgs/resource) by extension 'colcon_meta'
[1.499s] Level 1:colcon.colcon_core.package_identification:_identify(ros_ws/src/sparse_skin/xela_sparshskin/leapXela_sparshskin_msgs/resource) by extensions ['ros']
[1.500s] Level 1:colcon.colcon_core.package_identification:_identify(ros_ws/src/sparse_skin/xela_sparshskin/leapXela_sparshskin_msgs/resource) by extension 'ros'
[1.500s] Level 1:colcon.colcon_core.package_identification:_identify(ros_ws/src/sparse_skin/xela_sparshskin/leapXela_sparshskin_msgs/resource) by extensions ['cmake', 'python']
[1.500s] Level 1:colcon.colcon_core.package_identification:_identify(ros_ws/src/sparse_skin/xela_sparshskin/leapXela_sparshskin_msgs/resource) by extension 'cmake'
[1.500s] Level 1:colcon.colcon_core.package_identification:_identify(ros_ws/src/sparse_skin/xela_sparshskin/leapXela_sparshskin_msgs/resource) by extension 'python'
[1.500s] Level 1:colcon.colcon_core.package_identification:_identify(ros_ws/src/sparse_skin/xela_sparshskin/leapXela_sparshskin_msgs/resource) by extensions ['python_setup_py']
[1.500s] Level 1:colcon.colcon_core.package_identification:_identify(ros_ws/src/sparse_skin/xela_sparshskin/leapXela_sparshskin_msgs/resource) by extension 'python_setup_py'
[1.500s] Level 1:colcon.colcon_core.package_identification:_identify(ros_ws/src/sparse_skin/xela_sparshskin/leapXela_taxels_forewardkinematic) by extensions ['ignore', 'ignore_ament_install']
[1.500s] Level 1:colcon.colcon_core.package_identification:_identify(ros_ws/src/sparse_skin/xela_sparshskin/leapXela_taxels_forewardkinematic) by extension 'ignore'
[1.500s] Level 1:colcon.colcon_core.package_identification:_identify(ros_ws/src/sparse_skin/xela_sparshskin/leapXela_taxels_forewardkinematic) by extension 'ignore_ament_install'
[1.500s] Level 1:colcon.colcon_core.package_identification:_identify(ros_ws/src/sparse_skin/xela_sparshskin/leapXela_taxels_forewardkinematic) by extensions ['colcon_pkg']
[1.500s] Level 1:colcon.colcon_core.package_identification:_identify(ros_ws/src/sparse_skin/xela_sparshskin/leapXela_taxels_forewardkinematic) by extension 'colcon_pkg'
[1.500s] Level 1:colcon.colcon_core.package_identification:_identify(ros_ws/src/sparse_skin/xela_sparshskin/leapXela_taxels_forewardkinematic) by extensions ['colcon_meta']
[1.501s] Level 1:colcon.colcon_core.package_identification:_identify(ros_ws/src/sparse_skin/xela_sparshskin/leapXela_taxels_forewardkinematic) by extension 'colcon_meta'
[1.501s] Level 1:colcon.colcon_core.package_identification:_identify(ros_ws/src/sparse_skin/xela_sparshskin/leapXela_taxels_forewardkinematic) by extensions ['ros']
[1.501s] Level 1:colcon.colcon_core.package_identification:_identify(ros_ws/src/sparse_skin/xela_sparshskin/leapXela_taxels_forewardkinematic) by extension 'ros'
[1.502s] DEBUG:colcon.colcon_core.package_identification:Package 'ros_ws/src/sparse_skin/xela_sparshskin/leapXela_taxels_forewardkinematic' with type 'ros.ament_python' and name 'leapXela_taxels_forewardkinematic'
[1.503s] Level 1:colcon.colcon_core.package_identification:_identify(ros_ws/src/sparse_skin/xela_sparshskin/leapxela_sparshskin_msgs) by extensions ['ignore', 'ignore_ament_install']
[1.503s] Level 1:colcon.colcon_core.package_identification:_identify(ros_ws/src/sparse_skin/xela_sparshskin/leapxela_sparshskin_msgs) by extension 'ignore'
[1.503s] Level 1:colcon.colcon_core.package_identification:_identify(ros_ws/src/sparse_skin/xela_sparshskin/leapxela_sparshskin_msgs) by extension 'ignore_ament_install'
[1.503s] Level 1:colcon.colcon_core.package_identification:_identify(ros_ws/src/sparse_skin/xela_sparshskin/leapxela_sparshskin_msgs) by extensions ['colcon_pkg']
[1.503s] Level 1:colcon.colcon_core.package_identification:_identify(ros_ws/src/sparse_skin/xela_sparshskin/leapxela_sparshskin_msgs) by extension 'colcon_pkg'
[1.503s] Level 1:colcon.colcon_core.package_identification:_identify(ros_ws/src/sparse_skin/xela_sparshskin/leapxela_sparshskin_msgs) by extensions ['colcon_meta']
[1.503s] Level 1:colcon.colcon_core.package_identification:_identify(ros_ws/src/sparse_skin/xela_sparshskin/leapxela_sparshskin_msgs) by extension 'colcon_meta'
[1.503s] Level 1:colcon.colcon_core.package_identification:_identify(ros_ws/src/sparse_skin/xela_sparshskin/leapxela_sparshskin_msgs) by extensions ['ros']
[1.503s] Level 1:colcon.colcon_core.package_identification:_identify(ros_ws/src/sparse_skin/xela_sparshskin/leapxela_sparshskin_msgs) by extension 'ros'
[1.504s] DEBUG:colcon.colcon_core.package_identification:Package 'ros_ws/src/sparse_skin/xela_sparshskin/leapxela_sparshskin_msgs' with type 'ros.ament_cmake' and name 'leapxela_sparshskin_msgs'
[1.504s] Level 1:colcon.colcon_core.package_identification:_identify(ros_ws/src/sparse_skin/xela_sparshskin/xela_sparshskin_sim) by extensions ['ignore', 'ignore_ament_install']
[1.505s] Level 1:colcon.colcon_core.package_identification:_identify(ros_ws/src/sparse_skin/xela_sparshskin/xela_sparshskin_sim) by extension 'ignore'
[1.505s] Level 1:colcon.colcon_core.package_identification:_identify(ros_ws/src/sparse_skin/xela_sparshskin/xela_sparshskin_sim) by extension 'ignore_ament_install'
[1.505s] Level 1:colcon.colcon_core.package_identification:_identify(ros_ws/src/sparse_skin/xela_sparshskin/xela_sparshskin_sim) by extensions ['colcon_pkg']
[1.505s] Level 1:colcon.colcon_core.package_identification:_identify(ros_ws/src/sparse_skin/xela_sparshskin/xela_sparshskin_sim) by extension 'colcon_pkg'
[1.505s] Level 1:colcon.colcon_core.package_identification:_identify(ros_ws/src/sparse_skin/xela_sparshskin/xela_sparshskin_sim) by extensions ['colcon_meta']
[1.505s] Level 1:colcon.colcon_core.package_identification:_identify(ros_ws/src/sparse_skin/xela_sparshskin/xela_sparshskin_sim) by extension 'colcon_meta'
[1.505s] Level 1:colcon.colcon_core.package_identification:_identify(ros_ws/src/sparse_skin/xela_sparshskin/xela_sparshskin_sim) by extensions ['ros']
[1.505s] Level 1:colcon.colcon_core.package_identification:_identify(ros_ws/src/sparse_skin/xela_sparshskin/xela_sparshskin_sim) by extension 'ros'
[1.507s] DEBUG:colcon.colcon_core.package_identification:Package 'ros_ws/src/sparse_skin/xela_sparshskin/xela_sparshskin_sim' with type 'ros.ament_cmake' and name 'xela_sparshskin_sim'
[1.507s] Level 1:colcon.colcon_core.package_identification:_identify(ros_ws/src/xela_data_collection) by extensions ['ignore', 'ignore_ament_install']
[1.507s] Level 1:colcon.colcon_core.package_identification:_identify(ros_ws/src/xela_data_collection) by extension 'ignore'
[1.507s] Level 1:colcon.colcon_core.package_identification:_identify(ros_ws/src/xela_data_collection) by extension 'ignore_ament_install'
[1.507s] Level 1:colcon.colcon_core.package_identification:_identify(ros_ws/src/xela_data_collection) by extensions ['colcon_pkg']
[1.507s] Level 1:colcon.colcon_core.package_identification:_identify(ros_ws/src/xela_data_collection) by extension 'colcon_pkg'
[1.508s] Level 1:colcon.colcon_core.package_identification:_identify(ros_ws/src/xela_data_collection) by extensions ['colcon_meta']
[1.508s] Level 1:colcon.colcon_core.package_identification:_identify(ros_ws/src/xela_data_collection) by extension 'colcon_meta'
[1.508s] Level 1:colcon.colcon_core.package_identification:_identify(ros_ws/src/xela_data_collection) by extensions ['ros']
[1.508s] Level 1:colcon.colcon_core.package_identification:_identify(ros_ws/src/xela_data_collection) by extension 'ros'
[1.509s] DEBUG:colcon.colcon_core.package_identification:Package 'ros_ws/src/xela_data_collection' with type 'ros.ament_python' and name 'xela_data_collection'
[1.509s] Level 1:colcon.colcon_core.package_identification:_identify(ros_ws/src/xela_description) by extensions ['ignore', 'ignore_ament_install']
[1.509s] Level 1:colcon.colcon_core.package_identification:_identify(ros_ws/src/xela_description) by extension 'ignore'
[1.509s] Level 1:colcon.colcon_core.package_identification:_identify(ros_ws/src/xela_description) by extension 'ignore_ament_install'
[1.510s] Level 1:colcon.colcon_core.package_identification:_identify(ros_ws/src/xela_description) by extensions ['colcon_pkg']
[1.510s] Level 1:colcon.colcon_core.package_identification:_identify(ros_ws/src/xela_description) by extension 'colcon_pkg'
[1.510s] Level 1:colcon.colcon_core.package_identification:_identify(ros_ws/src/xela_description) by extensions ['colcon_meta']
[1.510s] Level 1:colcon.colcon_core.package_identification:_identify(ros_ws/src/xela_description) by extension 'colcon_meta'
[1.510s] Level 1:colcon.colcon_core.package_identification:_identify(ros_ws/src/xela_description) by extensions ['ros']
[1.510s] Level 1:colcon.colcon_core.package_identification:_identify(ros_ws/src/xela_description) by extension 'ros'
[1.511s] DEBUG:colcon.colcon_core.package_identification:Package 'ros_ws/src/xela_description' with type 'ros.ament_python' and name 'xela_description'
[1.511s] Level 1:colcon.colcon_core.package_identification:_identify(ros_ws/src/xela_models) by extensions ['ignore', 'ignore_ament_install']
[1.512s] Level 1:colcon.colcon_core.package_identification:_identify(ros_ws/src/xela_models) by extension 'ignore'
[1.512s] Level 1:colcon.colcon_core.package_identification:_identify(ros_ws/src/xela_models) by extension 'ignore_ament_install'
[1.512s] Level 1:colcon.colcon_core.package_identification:_identify(ros_ws/src/xela_models) by extensions ['colcon_pkg']
[1.512s] Level 1:colcon.colcon_core.package_identification:_identify(ros_ws/src/xela_models) by extension 'colcon_pkg'
[1.512s] Level 1:colcon.colcon_core.package_identification:_identify(ros_ws/src/xela_models) by extensions ['colcon_meta']
[1.512s] Level 1:colcon.colcon_core.package_identification:_identify(ros_ws/src/xela_models) by extension 'colcon_meta'
[1.512s] Level 1:colcon.colcon_core.package_identification:_identify(ros_ws/src/xela_models) by extensions ['ros']
[1.512s] Level 1:colcon.colcon_core.package_identification:_identify(ros_ws/src/xela_models) by extension 'ros'
[1.512s] Level 1:colcon.colcon_core.package_identification:_identify(ros_ws/src/xela_models) by extensions ['cmake', 'python']
[1.512s] Level 1:colcon.colcon_core.package_identification:_identify(ros_ws/src/xela_models) by extension 'cmake'
[1.512s] Level 1:colcon.colcon_core.package_identification:_identify(ros_ws/src/xela_models) by extension 'python'
[1.512s] Level 1:colcon.colcon_core.package_identification:_identify(ros_ws/src/xela_models) by extensions ['python_setup_py']
[1.512s] Level 1:colcon.colcon_core.package_identification:_identify(ros_ws/src/xela_models) by extension 'python_setup_py'
[1.513s] Level 1:colcon.colcon_core.package_identification:_identify(ros_ws/src/xela_models/xela_models) by extensions ['ignore', 'ignore_ament_install']
[1.513s] Level 1:colcon.colcon_core.package_identification:_identify(ros_ws/src/xela_models/xela_models) by extension 'ignore'
[1.513s] Level 1:colcon.colcon_core.package_identification:_identify(ros_ws/src/xela_models/xela_models) by extension 'ignore_ament_install'
[1.513s] Level 1:colcon.colcon_core.package_identification:_identify(ros_ws/src/xela_models/xela_models) by extensions ['colcon_pkg']
[1.513s] Level 1:colcon.colcon_core.package_identification:_identify(ros_ws/src/xela_models/xela_models) by extension 'colcon_pkg'
[1.513s] Level 1:colcon.colcon_core.package_identification:_identify(ros_ws/src/xela_models/xela_models) by extensions ['colcon_meta']
[1.513s] Level 1:colcon.colcon_core.package_identification:_identify(ros_ws/src/xela_models/xela_models) by extension 'colcon_meta'
[1.513s] Level 1:colcon.colcon_core.package_identification:_identify(ros_ws/src/xela_models/xela_models) by extensions ['ros']
[1.513s] Level 1:colcon.colcon_core.package_identification:_identify(ros_ws/src/xela_models/xela_models) by extension 'ros'
[1.514s] DEBUG:colcon.colcon_core.package_identification:Package 'ros_ws/src/xela_models/xela_models' with type 'ros.ament_cmake' and name 'xela_models'
[1.514s] Level 1:colcon.colcon_core.package_identification:_identify(ros_ws/src/xela_models/xela_pybullet_viewer) by extensions ['ignore', 'ignore_ament_install']
[1.515s] Level 1:colcon.colcon_core.package_identification:_identify(ros_ws/src/xela_models/xela_pybullet_viewer) by extension 'ignore'
[1.515s] Level 1:colcon.colcon_core.package_identification:_identify(ros_ws/src/xela_models/xela_pybullet_viewer) by extension 'ignore_ament_install'
[1.515s] Level 1:colcon.colcon_core.package_identification:_identify(ros_ws/src/xela_models/xela_pybullet_viewer) by extensions ['colcon_pkg']
[1.515s] Level 1:colcon.colcon_core.package_identification:_identify(ros_ws/src/xela_models/xela_pybullet_viewer) by extension 'colcon_pkg'
[1.515s] Level 1:colcon.colcon_core.package_identification:_identify(ros_ws/src/xela_models/xela_pybullet_viewer) by extensions ['colcon_meta']
[1.515s] Level 1:colcon.colcon_core.package_identification:_identify(ros_ws/src/xela_models/xela_pybullet_viewer) by extension 'colcon_meta'
[1.515s] Level 1:colcon.colcon_core.package_identification:_identify(ros_ws/src/xela_models/xela_pybullet_viewer) by extensions ['ros']
[1.515s] Level 1:colcon.colcon_core.package_identification:_identify(ros_ws/src/xela_models/xela_pybullet_viewer) by extension 'ros'
[1.516s] DEBUG:colcon.colcon_core.package_identification:Package 'ros_ws/src/xela_models/xela_pybullet_viewer' with type 'ros.ament_python' and name 'xela_pybullet_viewer'
[1.516s] Level 1:colcon.colcon_core.package_identification:_identify(ros_ws/src/xela_point_cloud_representation) by extensions ['ignore', 'ignore_ament_install']
[1.516s] Level 1:colcon.colcon_core.package_identification:_identify(ros_ws/src/xela_point_cloud_representation) by extension 'ignore'
[1.516s] Level 1:colcon.colcon_core.package_identification:_identify(ros_ws/src/xela_point_cloud_representation) by extension 'ignore_ament_install'
[1.517s] Level 1:colcon.colcon_core.package_identification:_identify(ros_ws/src/xela_point_cloud_representation) by extensions ['colcon_pkg']
[1.517s] Level 1:colcon.colcon_core.package_identification:_identify(ros_ws/src/xela_point_cloud_representation) by extension 'colcon_pkg'
[1.517s] Level 1:colcon.colcon_core.package_identification:_identify(ros_ws/src/xela_point_cloud_representation) by extensions ['colcon_meta']
[1.517s] Level 1:colcon.colcon_core.package_identification:_identify(ros_ws/src/xela_point_cloud_representation) by extension 'colcon_meta'
[1.517s] Level 1:colcon.colcon_core.package_identification:_identify(ros_ws/src/xela_point_cloud_representation) by extensions ['ros']
[1.517s] Level 1:colcon.colcon_core.package_identification:_identify(ros_ws/src/xela_point_cloud_representation) by extension 'ros'
[1.518s] DEBUG:colcon.colcon_core.package_identification:Package 'ros_ws/src/xela_point_cloud_representation' with type 'ros.ament_cmake' and name 'xela_point_cloud_representation'
[1.519s] Level 1:colcon.colcon_core.package_identification:_identify(ros_ws/src/xela_server_ros2) by extensions ['ignore', 'ignore_ament_install']
[1.519s] Level 1:colcon.colcon_core.package_identification:_identify(ros_ws/src/xela_server_ros2) by extension 'ignore'
[1.519s] Level 1:colcon.colcon_core.package_identification:_identify(ros_ws/src/xela_server_ros2) by extension 'ignore_ament_install'
[1.519s] Level 1:colcon.colcon_core.package_identification:_identify(ros_ws/src/xela_server_ros2) by extensions ['colcon_pkg']
[1.519s] Level 1:colcon.colcon_core.package_identification:_identify(ros_ws/src/xela_server_ros2) by extension 'colcon_pkg'
[1.519s] Level 1:colcon.colcon_core.package_identification:_identify(ros_ws/src/xela_server_ros2) by extensions ['colcon_meta']
[1.519s] Level 1:colcon.colcon_core.package_identification:_identify(ros_ws/src/xela_server_ros2) by extension 'colcon_meta'
[1.519s] Level 1:colcon.colcon_core.package_identification:_identify(ros_ws/src/xela_server_ros2) by extensions ['ros']
[1.519s] Level 1:colcon.colcon_core.package_identification:_identify(ros_ws/src/xela_server_ros2) by extension 'ros'
[1.522s] DEBUG:colcon.colcon_core.package_identification:Package 'ros_ws/src/xela_server_ros2' with type 'ros.ament_cmake' and name 'xela_server_ros2'
[1.522s] Level 1:colcon.colcon_core.package_identification:_identify(ros_ws/src/xela_telelop) by extensions ['ignore', 'ignore_ament_install']
[1.523s] Level 1:colcon.colcon_core.package_identification:_identify(ros_ws/src/xela_telelop) by extension 'ignore'
[1.523s] Level 1:colcon.colcon_core.package_identification:_identify(ros_ws/src/xela_telelop) by extension 'ignore_ament_install'
[1.523s] Level 1:colcon.colcon_core.package_identification:_identify(ros_ws/src/xela_telelop) by extensions ['colcon_pkg']
[1.523s] Level 1:colcon.colcon_core.package_identification:_identify(ros_ws/src/xela_telelop) by extension 'colcon_pkg'
[1.523s] Level 1:colcon.colcon_core.package_identification:_identify(ros_ws/src/xela_telelop) by extensions ['colcon_meta']
[1.523s] Level 1:colcon.colcon_core.package_identification:_identify(ros_ws/src/xela_telelop) by extension 'colcon_meta'
[1.523s] Level 1:colcon.colcon_core.package_identification:_identify(ros_ws/src/xela_telelop) by extensions ['ros']
[1.523s] Level 1:colcon.colcon_core.package_identification:_identify(ros_ws/src/xela_telelop) by extension 'ros'
[1.524s] Level 1:colcon.colcon_core.package_identification:_identify(ros_ws/src/xela_telelop) by extensions ['cmake', 'python']
[1.524s] Level 1:colcon.colcon_core.package_identification:_identify(ros_ws/src/xela_telelop) by extension 'cmake'
[1.524s] Level 1:colcon.colcon_core.package_identification:_identify(ros_ws/src/xela_telelop) by extension 'python'
[1.524s] Level 1:colcon.colcon_core.package_identification:_identify(ros_ws/src/xela_telelop) by extensions ['python_setup_py']
[1.524s] Level 1:colcon.colcon_core.package_identification:_identify(ros_ws/src/xela_telelop) by extension 'python_setup_py'
[1.524s] Level 1:colcon.colcon_core.package_identification:_identify(ros_ws/src/xela_telelop/dex_retargeting) by extensions ['ignore', 'ignore_ament_install']
[1.524s] Level 1:colcon.colcon_core.package_identification:_identify(ros_ws/src/xela_telelop/dex_retargeting) by extension 'ignore'
[1.525s] Level 1:colcon.colcon_core.package_identification:_identify(ros_ws/src/xela_telelop/dex_retargeting) by extension 'ignore_ament_install'
[1.525s] Level 1:colcon.colcon_core.package_identification:_identify(ros_ws/src/xela_telelop/dex_retargeting) by extensions ['colcon_pkg']
[1.525s] Level 1:colcon.colcon_core.package_identification:_identify(ros_ws/src/xela_telelop/dex_retargeting) by extension 'colcon_pkg'
[1.525s] Level 1:colcon.colcon_core.package_identification:_identify(ros_ws/src/xela_telelop/dex_retargeting) by extensions ['colcon_meta']
[1.525s] Level 1:colcon.colcon_core.package_identification:_identify(ros_ws/src/xela_telelop/dex_retargeting) by extension 'colcon_meta'
[1.525s] Level 1:colcon.colcon_core.package_identification:_identify(ros_ws/src/xela_telelop/dex_retargeting) by extensions ['ros']
[1.525s] Level 1:colcon.colcon_core.package_identification:_identify(ros_ws/src/xela_telelop/dex_retargeting) by extension 'ros'
[1.527s] DEBUG:colcon.colcon_core.package_identification:Package 'ros_ws/src/xela_telelop/dex_retargeting' with type 'ros.ament_python' and name 'dex_retargeting'
[1.527s] Level 1:colcon.colcon_core.package_identification:_identify(ros_ws/src/xela_telelop/oculusTeleop) by extensions ['ignore', 'ignore_ament_install']
[1.527s] Level 1:colcon.colcon_core.package_identification:_identify(ros_ws/src/xela_telelop/oculusTeleop) by extension 'ignore'
[1.527s] Level 1:colcon.colcon_core.package_identification:_identify(ros_ws/src/xela_telelop/oculusTeleop) by extension 'ignore_ament_install'
[1.527s] Level 1:colcon.colcon_core.package_identification:_identify(ros_ws/src/xela_telelop/oculusTeleop) by extensions ['colcon_pkg']
[1.527s] Level 1:colcon.colcon_core.package_identification:_identify(ros_ws/src/xela_telelop/oculusTeleop) by extension 'colcon_pkg'
[1.528s] Level 1:colcon.colcon_core.package_identification:_identify(ros_ws/src/xela_telelop/oculusTeleop) by extensions ['colcon_meta']
[1.528s] Level 1:colcon.colcon_core.package_identification:_identify(ros_ws/src/xela_telelop/oculusTeleop) by extension 'colcon_meta'
[1.528s] Level 1:colcon.colcon_core.package_identification:_identify(ros_ws/src/xela_telelop/oculusTeleop) by extensions ['ros']
[1.528s] Level 1:colcon.colcon_core.package_identification:_identify(ros_ws/src/xela_telelop/oculusTeleop) by extension 'ros'
[1.529s] DEBUG:colcon.colcon_core.package_identification:Package 'ros_ws/src/xela_telelop/oculusTeleop' with type 'ros.ament_python' and name 'oculusTeleop'
[1.529s] Level 1:colcon.colcon_core.package_identification:_identify(shell) by extensions ['ignore', 'ignore_ament_install']
[1.530s] Level 1:colcon.colcon_core.package_identification:_identify(shell) by extension 'ignore'
[1.530s] Level 1:colcon.colcon_core.package_identification:_identify(shell) by extension 'ignore_ament_install'
[1.530s] Level 1:colcon.colcon_core.package_identification:_identify(shell) by extensions ['colcon_pkg']
[1.530s] Level 1:colcon.colcon_core.package_identification:_identify(shell) by extension 'colcon_pkg'
[1.530s] Level 1:colcon.colcon_core.package_identification:_identify(shell) by extensions ['colcon_meta']
[1.530s] Level 1:colcon.colcon_core.package_identification:_identify(shell) by extension 'colcon_meta'
[1.530s] Level 1:colcon.colcon_core.package_identification:_identify(shell) by extensions ['ros']
[1.530s] Level 1:colcon.colcon_core.package_identification:_identify(shell) by extension 'ros'
[1.530s] Level 1:colcon.colcon_core.package_identification:_identify(shell) by extensions ['cmake', 'python']
[1.530s] Level 1:colcon.colcon_core.package_identification:_identify(shell) by extension 'cmake'
[1.530s] Level 1:colcon.colcon_core.package_identification:_identify(shell) by extension 'python'
[1.530s] Level 1:colcon.colcon_core.package_identification:_identify(shell) by extensions ['python_setup_py']
[1.530s] Level 1:colcon.colcon_core.package_identification:_identify(shell) by extension 'python_setup_py'
[1.531s] Level 1:colcon.colcon_core.package_identification:_identify(shell/linux_1.8.0_208601) by extensions ['ignore', 'ignore_ament_install']
[1.531s] Level 1:colcon.colcon_core.package_identification:_identify(shell/linux_1.8.0_208601) by extension 'ignore'
[1.531s] Level 1:colcon.colcon_core.package_identification:_identify(shell/linux_1.8.0_208601) by extension 'ignore_ament_install'
[1.531s] Level 1:colcon.colcon_core.package_identification:_identify(shell/linux_1.8.0_208601) by extensions ['colcon_pkg']
[1.531s] Level 1:colcon.colcon_core.package_identification:_identify(shell/linux_1.8.0_208601) by extension 'colcon_pkg'
[1.531s] Level 1:colcon.colcon_core.package_identification:_identify(shell/linux_1.8.0_208601) by extensions ['colcon_meta']
[1.531s] Level 1:colcon.colcon_core.package_identification:_identify(shell/linux_1.8.0_208601) by extension 'colcon_meta'
[1.531s] Level 1:colcon.colcon_core.package_identification:_identify(shell/linux_1.8.0_208601) by extensions ['ros']
[1.531s] Level 1:colcon.colcon_core.package_identification:_identify(shell/linux_1.8.0_208601) by extension 'ros'
[1.531s] Level 1:colcon.colcon_core.package_identification:_identify(shell/linux_1.8.0_208601) by extensions ['cmake', 'python']
[1.532s] Level 1:colcon.colcon_core.package_identification:_identify(shell/linux_1.8.0_208601) by extension 'cmake'
[1.532s] Level 1:colcon.colcon_core.package_identification:_identify(shell/linux_1.8.0_208601) by extension 'python'
[1.532s] Level 1:colcon.colcon_core.package_identification:_identify(shell/linux_1.8.0_208601) by extensions ['python_setup_py']
[1.532s] Level 1:colcon.colcon_core.package_identification:_identify(shell/linux_1.8.0_208601) by extension 'python_setup_py'
[1.532s] Level 1:colcon.colcon_core.package_identification:_identify(shell/linux_1.8.0_208601/LOG) by extensions ['ignore', 'ignore_ament_install']
[1.532s] Level 1:colcon.colcon_core.package_identification:_identify(shell/linux_1.8.0_208601/LOG) by extension 'ignore'
[1.532s] Level 1:colcon.colcon_core.package_identification:_identify(shell/linux_1.8.0_208601/LOG) by extension 'ignore_ament_install'
[1.532s] Level 1:colcon.colcon_core.package_identification:_identify(shell/linux_1.8.0_208601/LOG) by extensions ['colcon_pkg']
[1.532s] Level 1:colcon.colcon_core.package_identification:_identify(shell/linux_1.8.0_208601/LOG) by extension 'colcon_pkg'
[1.532s] Level 1:colcon.colcon_core.package_identification:_identify(shell/linux_1.8.0_208601/LOG) by extensions ['colcon_meta']
[1.532s] Level 1:colcon.colcon_core.package_identification:_identify(shell/linux_1.8.0_208601/LOG) by extension 'colcon_meta'
[1.532s] Level 1:colcon.colcon_core.package_identification:_identify(shell/linux_1.8.0_208601/LOG) by extensions ['ros']
[1.532s] Level 1:colcon.colcon_core.package_identification:_identify(shell/linux_1.8.0_208601/LOG) by extension 'ros'
[1.533s] Level 1:colcon.colcon_core.package_identification:_identify(shell/linux_1.8.0_208601/LOG) by extensions ['cmake', 'python']
[1.533s] Level 1:colcon.colcon_core.package_identification:_identify(shell/linux_1.8.0_208601/LOG) by extension 'cmake'
[1.533s] Level 1:colcon.colcon_core.package_identification:_identify(shell/linux_1.8.0_208601/LOG) by extension 'python'
[1.533s] Level 1:colcon.colcon_core.package_identification:_identify(shell/linux_1.8.0_208601/LOG) by extensions ['python_setup_py']
[1.533s] Level 1:colcon.colcon_core.package_identification:_identify(shell/linux_1.8.0_208601/LOG) by extension 'python_setup_py'
[1.533s] Level 1:colcon.colcon_core.package_identification:_identify(teleop_xr) by extensions ['ignore', 'ignore_ament_install']
[1.533s] Level 1:colcon.colcon_core.package_identification:_identify(teleop_xr) by extension 'ignore'
[1.533s] Level 1:colcon.colcon_core.package_identification:_identify(teleop_xr) by extension 'ignore_ament_install'
[1.533s] Level 1:colcon.colcon_core.package_identification:_identify(teleop_xr) by extensions ['colcon_pkg']
[1.533s] Level 1:colcon.colcon_core.package_identification:_identify(teleop_xr) by extension 'colcon_pkg'
[1.533s] Level 1:colcon.colcon_core.package_identification:_identify(teleop_xr) by extensions ['colcon_meta']
[1.534s] Level 1:colcon.colcon_core.package_identification:_identify(teleop_xr) by extension 'colcon_meta'
[1.534s] Level 1:colcon.colcon_core.package_identification:_identify(teleop_xr) by extensions ['ros']
[1.534s] Level 1:colcon.colcon_core.package_identification:_identify(teleop_xr) by extension 'ros'
[1.534s] Level 1:colcon.colcon_core.package_identification:_identify(teleop_xr) by extensions ['cmake', 'python']
[1.534s] Level 1:colcon.colcon_core.package_identification:_identify(teleop_xr) by extension 'cmake'
[1.534s] Level 1:colcon.colcon_core.package_identification:_identify(teleop_xr) by extension 'python'
[1.534s] Level 1:colcon.colcon_core.package_identification:_identify(teleop_xr) by extensions ['python_setup_py']
[1.534s] Level 1:colcon.colcon_core.package_identification:_identify(teleop_xr) by extension 'python_setup_py'
[1.534s] Level 1:colcon.colcon_core.package_identification:_identify(teleop_xr/Bidex_VisionPro_Teleop) by extensions ['ignore', 'ignore_ament_install']
[1.534s] Level 1:colcon.colcon_core.package_identification:_identify(teleop_xr/Bidex_VisionPro_Teleop) by extension 'ignore'
[1.534s] Level 1:colcon.colcon_core.package_identification:_identify(teleop_xr/Bidex_VisionPro_Teleop) by extension 'ignore_ament_install'
[1.535s] Level 1:colcon.colcon_core.package_identification:_identify(teleop_xr/Bidex_VisionPro_Teleop) by extensions ['colcon_pkg']
[1.535s] Level 1:colcon.colcon_core.package_identification:_identify(teleop_xr/Bidex_VisionPro_Teleop) by extension 'colcon_pkg'
[1.535s] Level 1:colcon.colcon_core.package_identification:_identify(teleop_xr/Bidex_VisionPro_Teleop) by extensions ['colcon_meta']
[1.535s] Level 1:colcon.colcon_core.package_identification:_identify(teleop_xr/Bidex_VisionPro_Teleop) by extension 'colcon_meta'
[1.535s] Level 1:colcon.colcon_core.package_identification:_identify(teleop_xr/Bidex_VisionPro_Teleop) by extensions ['ros']
[1.535s] Level 1:colcon.colcon_core.package_identification:_identify(teleop_xr/Bidex_VisionPro_Teleop) by extension 'ros'
[1.535s] Level 1:colcon.colcon_core.package_identification:_identify(teleop_xr/Bidex_VisionPro_Teleop) by extensions ['cmake', 'python']
[1.535s] Level 1:colcon.colcon_core.package_identification:_identify(teleop_xr/Bidex_VisionPro_Teleop) by extension 'cmake'
[1.535s] Level 1:colcon.colcon_core.package_identification:_identify(teleop_xr/Bidex_VisionPro_Teleop) by extension 'python'
[1.535s] Level 1:colcon.colcon_core.package_identification:_identify(teleop_xr/Bidex_VisionPro_Teleop) by extensions ['python_setup_py']
[1.535s] Level 1:colcon.colcon_core.package_identification:_identify(teleop_xr/Bidex_VisionPro_Teleop) by extension 'python_setup_py'
[1.535s] Level 1:colcon.colcon_core.package_identification:_identify(teleop_xr/Bidex_VisionPro_Teleop/__pycache__) by extensions ['ignore', 'ignore_ament_install']
[1.536s] Level 1:colcon.colcon_core.package_identification:_identify(teleop_xr/Bidex_VisionPro_Teleop/__pycache__) by extension 'ignore'
[1.536s] Level 1:colcon.colcon_core.package_identification:_identify(teleop_xr/Bidex_VisionPro_Teleop/__pycache__) by extension 'ignore_ament_install'
[1.536s] Level 1:colcon.colcon_core.package_identification:_identify(teleop_xr/Bidex_VisionPro_Teleop/__pycache__) by extensions ['colcon_pkg']
[1.536s] Level 1:colcon.colcon_core.package_identification:_identify(teleop_xr/Bidex_VisionPro_Teleop/__pycache__) by extension 'colcon_pkg'
[1.536s] Level 1:colcon.colcon_core.package_identification:_identify(teleop_xr/Bidex_VisionPro_Teleop/__pycache__) by extensions ['colcon_meta']
[1.536s] Level 1:colcon.colcon_core.package_identification:_identify(teleop_xr/Bidex_VisionPro_Teleop/__pycache__) by extension 'colcon_meta'
[1.536s] Level 1:colcon.colcon_core.package_identification:_identify(teleop_xr/Bidex_VisionPro_Teleop/__pycache__) by extensions ['ros']
[1.536s] Level 1:colcon.colcon_core.package_identification:_identify(teleop_xr/Bidex_VisionPro_Teleop/__pycache__) by extension 'ros'
[1.536s] Level 1:colcon.colcon_core.package_identification:_identify(teleop_xr/Bidex_VisionPro_Teleop/__pycache__) by extensions ['cmake', 'python']
[1.536s] Level 1:colcon.colcon_core.package_identification:_identify(teleop_xr/Bidex_VisionPro_Teleop/__pycache__) by extension 'cmake'
[1.537s] Level 1:colcon.colcon_core.package_identification:_identify(teleop_xr/Bidex_VisionPro_Teleop/__pycache__) by extension 'python'
[1.537s] Level 1:colcon.colcon_core.package_identification:_identify(teleop_xr/Bidex_VisionPro_Teleop/__pycache__) by extensions ['python_setup_py']
[1.537s] Level 1:colcon.colcon_core.package_identification:_identify(teleop_xr/Bidex_VisionPro_Teleop/__pycache__) by extension 'python_setup_py'
[1.537s] Level 1:colcon.colcon_core.package_identification:_identify(teleop_xr/Bidex_VisionPro_Teleop/leapXela_right) by extensions ['ignore', 'ignore_ament_install']
[1.537s] Level 1:colcon.colcon_core.package_identification:_identify(teleop_xr/Bidex_VisionPro_Teleop/leapXela_right) by extension 'ignore'
[1.537s] Level 1:colcon.colcon_core.package_identification:_identify(teleop_xr/Bidex_VisionPro_Teleop/leapXela_right) by extension 'ignore_ament_install'
[1.537s] Level 1:colcon.colcon_core.package_identification:_identify(teleop_xr/Bidex_VisionPro_Teleop/leapXela_right) by extensions ['colcon_pkg']
[1.538s] Level 1:colcon.colcon_core.package_identification:_identify(teleop_xr/Bidex_VisionPro_Teleop/leapXela_right) by extension 'colcon_pkg'
[1.538s] Level 1:colcon.colcon_core.package_identification:_identify(teleop_xr/Bidex_VisionPro_Teleop/leapXela_right) by extensions ['colcon_meta']
[1.538s] Level 1:colcon.colcon_core.package_identification:_identify(teleop_xr/Bidex_VisionPro_Teleop/leapXela_right) by extension 'colcon_meta'
[1.538s] Level 1:colcon.colcon_core.package_identification:_identify(teleop_xr/Bidex_VisionPro_Teleop/leapXela_right) by extensions ['ros']
[1.538s] Level 1:colcon.colcon_core.package_identification:_identify(teleop_xr/Bidex_VisionPro_Teleop/leapXela_right) by extension 'ros'
[1.538s] Level 1:colcon.colcon_core.package_identification:_identify(teleop_xr/Bidex_VisionPro_Teleop/leapXela_right) by extensions ['cmake', 'python']
[1.538s] Level 1:colcon.colcon_core.package_identification:_identify(teleop_xr/Bidex_VisionPro_Teleop/leapXela_right) by extension 'cmake'
[1.538s] Level 1:colcon.colcon_core.package_identification:_identify(teleop_xr/Bidex_VisionPro_Teleop/leapXela_right) by extension 'python'
[1.538s] Level 1:colcon.colcon_core.package_identification:_identify(teleop_xr/Bidex_VisionPro_Teleop/leapXela_right) by extensions ['python_setup_py']
[1.538s] Level 1:colcon.colcon_core.package_identification:_identify(teleop_xr/Bidex_VisionPro_Teleop/leapXela_right) by extension 'python_setup_py'
[1.538s] Level 1:colcon.colcon_core.package_identification:_identify(teleop_xr/Bidex_VisionPro_Teleop/leapXela_right/__pycache__) by extensions ['ignore', 'ignore_ament_install']
[1.538s] Level 1:colcon.colcon_core.package_identification:_identify(teleop_xr/Bidex_VisionPro_Teleop/leapXela_right/__pycache__) by extension 'ignore'
[1.539s] Level 1:colcon.colcon_core.package_identification:_identify(teleop_xr/Bidex_VisionPro_Teleop/leapXela_right/__pycache__) by extension 'ignore_ament_install'
[1.539s] Level 1:colcon.colcon_core.package_identification:_identify(teleop_xr/Bidex_VisionPro_Teleop/leapXela_right/__pycache__) by extensions ['colcon_pkg']
[1.539s] Level 1:colcon.colcon_core.package_identification:_identify(teleop_xr/Bidex_VisionPro_Teleop/leapXela_right/__pycache__) by extension 'colcon_pkg'
[1.539s] Level 1:colcon.colcon_core.package_identification:_identify(teleop_xr/Bidex_VisionPro_Teleop/leapXela_right/__pycache__) by extensions ['colcon_meta']
[1.539s] Level 1:colcon.colcon_core.package_identification:_identify(teleop_xr/Bidex_VisionPro_Teleop/leapXela_right/__pycache__) by extension 'colcon_meta'
[1.539s] Level 1:colcon.colcon_core.package_identification:_identify(teleop_xr/Bidex_VisionPro_Teleop/leapXela_right/__pycache__) by extensions ['ros']
[1.539s] Level 1:colcon.colcon_core.package_identification:_identify(teleop_xr/Bidex_VisionPro_Teleop/leapXela_right/__pycache__) by extension 'ros'
[1.539s] Level 1:colcon.colcon_core.package_identification:_identify(teleop_xr/Bidex_VisionPro_Teleop/leapXela_right/__pycache__) by extensions ['cmake', 'python']
[1.539s] Level 1:colcon.colcon_core.package_identification:_identify(teleop_xr/Bidex_VisionPro_Teleop/leapXela_right/__pycache__) by extension 'cmake'
[1.539s] Level 1:colcon.colcon_core.package_identification:_identify(teleop_xr/Bidex_VisionPro_Teleop/leapXela_right/__pycache__) by extension 'python'
[1.539s] Level 1:colcon.colcon_core.package_identification:_identify(teleop_xr/Bidex_VisionPro_Teleop/leapXela_right/__pycache__) by extensions ['python_setup_py']
[1.539s] Level 1:colcon.colcon_core.package_identification:_identify(teleop_xr/Bidex_VisionPro_Teleop/leapXela_right/__pycache__) by extension 'python_setup_py'
[1.540s] Level 1:colcon.colcon_core.package_identification:_identify(teleop_xr/Bidex_VisionPro_Teleop/leapXela_right/assets) by extensions ['ignore', 'ignore_ament_install']
[1.540s] Level 1:colcon.colcon_core.package_identification:_identify(teleop_xr/Bidex_VisionPro_Teleop/leapXela_right/assets) by extension 'ignore'
[1.540s] Level 1:colcon.colcon_core.package_identification:_identify(teleop_xr/Bidex_VisionPro_Teleop/leapXela_right/assets) by extension 'ignore_ament_install'
[1.540s] Level 1:colcon.colcon_core.package_identification:_identify(teleop_xr/Bidex_VisionPro_Teleop/leapXela_right/assets) by extensions ['colcon_pkg']
[1.540s] Level 1:colcon.colcon_core.package_identification:_identify(teleop_xr/Bidex_VisionPro_Teleop/leapXela_right/assets) by extension 'colcon_pkg'
[1.540s] Level 1:colcon.colcon_core.package_identification:_identify(teleop_xr/Bidex_VisionPro_Teleop/leapXela_right/assets) by extensions ['colcon_meta']
[1.540s] Level 1:colcon.colcon_core.package_identification:_identify(teleop_xr/Bidex_VisionPro_Teleop/leapXela_right/assets) by extension 'colcon_meta'
[1.540s] Level 1:colcon.colcon_core.package_identification:_identify(teleop_xr/Bidex_VisionPro_Teleop/leapXela_right/assets) by extensions ['ros']
[1.540s] Level 1:colcon.colcon_core.package_identification:_identify(teleop_xr/Bidex_VisionPro_Teleop/leapXela_right/assets) by extension 'ros'
[1.540s] Level 1:colcon.colcon_core.package_identification:_identify(teleop_xr/Bidex_VisionPro_Teleop/leapXela_right/assets) by extensions ['cmake', 'python']
[1.540s] Level 1:colcon.colcon_core.package_identification:_identify(teleop_xr/Bidex_VisionPro_Teleop/leapXela_right/assets) by extension 'cmake'
[1.540s] Level 1:colcon.colcon_core.package_identification:_identify(teleop_xr/Bidex_VisionPro_Teleop/leapXela_right/assets) by extension 'python'
[1.540s] Level 1:colcon.colcon_core.package_identification:_identify(teleop_xr/Bidex_VisionPro_Teleop/leapXela_right/assets) by extensions ['python_setup_py']
[1.541s] Level 1:colcon.colcon_core.package_identification:_identify(teleop_xr/Bidex_VisionPro_Teleop/leapXela_right/assets) by extension 'python_setup_py'
[1.541s] Level 1:colcon.colcon_core.package_identification:_identify(teleop_xr/Bidex_VisionPro_Teleop/leap_hand_mesh_left) by extensions ['ignore', 'ignore_ament_install']
[1.541s] Level 1:colcon.colcon_core.package_identification:_identify(teleop_xr/Bidex_VisionPro_Teleop/leap_hand_mesh_left) by extension 'ignore'
[1.541s] Level 1:colcon.colcon_core.package_identification:_identify(teleop_xr/Bidex_VisionPro_Teleop/leap_hand_mesh_left) by extension 'ignore_ament_install'
[1.541s] Level 1:colcon.colcon_core.package_identification:_identify(teleop_xr/Bidex_VisionPro_Teleop/leap_hand_mesh_left) by extensions ['colcon_pkg']
[1.541s] Level 1:colcon.colcon_core.package_identification:_identify(teleop_xr/Bidex_VisionPro_Teleop/leap_hand_mesh_left) by extension 'colcon_pkg'
[1.541s] Level 1:colcon.colcon_core.package_identification:_identify(teleop_xr/Bidex_VisionPro_Teleop/leap_hand_mesh_left) by extensions ['colcon_meta']
[1.541s] Level 1:colcon.colcon_core.package_identification:_identify(teleop_xr/Bidex_VisionPro_Teleop/leap_hand_mesh_left) by extension 'colcon_meta'
[1.541s] Level 1:colcon.colcon_core.package_identification:_identify(teleop_xr/Bidex_VisionPro_Teleop/leap_hand_mesh_left) by extensions ['ros']
[1.541s] Level 1:colcon.colcon_core.package_identification:_identify(teleop_xr/Bidex_VisionPro_Teleop/leap_hand_mesh_left) by extension 'ros'
[1.541s] Level 1:colcon.colcon_core.package_identification:_identify(teleop_xr/Bidex_VisionPro_Teleop/leap_hand_mesh_left) by extensions ['cmake', 'python']
[1.541s] Level 1:colcon.colcon_core.package_identification:_identify(teleop_xr/Bidex_VisionPro_Teleop/leap_hand_mesh_left) by extension 'cmake'
[1.542s] Level 1:colcon.colcon_core.package_identification:_identify(teleop_xr/Bidex_VisionPro_Teleop/leap_hand_mesh_left) by extension 'python'
[1.542s] Level 1:colcon.colcon_core.package_identification:_identify(teleop_xr/Bidex_VisionPro_Teleop/leap_hand_mesh_left) by extensions ['python_setup_py']
[1.542s] Level 1:colcon.colcon_core.package_identification:_identify(teleop_xr/Bidex_VisionPro_Teleop/leap_hand_mesh_left) by extension 'python_setup_py'
[1.542s] Level 1:colcon.colcon_core.package_identification:_identify(teleop_xr/Bidex_VisionPro_Teleop/leap_hand_mesh_right) by extensions ['ignore', 'ignore_ament_install']
[1.542s] Level 1:colcon.colcon_core.package_identification:_identify(teleop_xr/Bidex_VisionPro_Teleop/leap_hand_mesh_right) by extension 'ignore'
[1.542s] Level 1:colcon.colcon_core.package_identification:_identify(teleop_xr/Bidex_VisionPro_Teleop/leap_hand_mesh_right) by extension 'ignore_ament_install'
[1.542s] Level 1:colcon.colcon_core.package_identification:_identify(teleop_xr/Bidex_VisionPro_Teleop/leap_hand_mesh_right) by extensions ['colcon_pkg']
[1.542s] Level 1:colcon.colcon_core.package_identification:_identify(teleop_xr/Bidex_VisionPro_Teleop/leap_hand_mesh_right) by extension 'colcon_pkg'
[1.542s] Level 1:colcon.colcon_core.package_identification:_identify(teleop_xr/Bidex_VisionPro_Teleop/leap_hand_mesh_right) by extensions ['colcon_meta']
[1.542s] Level 1:colcon.colcon_core.package_identification:_identify(teleop_xr/Bidex_VisionPro_Teleop/leap_hand_mesh_right) by extension 'colcon_meta'
[1.542s] Level 1:colcon.colcon_core.package_identification:_identify(teleop_xr/Bidex_VisionPro_Teleop/leap_hand_mesh_right) by extensions ['ros']
[1.542s] Level 1:colcon.colcon_core.package_identification:_identify(teleop_xr/Bidex_VisionPro_Teleop/leap_hand_mesh_right) by extension 'ros'
[1.543s] Level 1:colcon.colcon_core.package_identification:_identify(teleop_xr/Bidex_VisionPro_Teleop/leap_hand_mesh_right) by extensions ['cmake', 'python']
[1.543s] Level 1:colcon.colcon_core.package_identification:_identify(teleop_xr/Bidex_VisionPro_Teleop/leap_hand_mesh_right) by extension 'cmake'
[1.543s] Level 1:colcon.colcon_core.package_identification:_identify(teleop_xr/Bidex_VisionPro_Teleop/leap_hand_mesh_right) by extension 'python'
[1.543s] Level 1:colcon.colcon_core.package_identification:_identify(teleop_xr/Bidex_VisionPro_Teleop/leap_hand_mesh_right) by extensions ['python_setup_py']
[1.543s] Level 1:colcon.colcon_core.package_identification:_identify(teleop_xr/Bidex_VisionPro_Teleop/leap_hand_mesh_right) by extension 'python_setup_py'
[1.543s] Level 1:colcon.colcon_core.package_identification:_identify(teleop_xr/OcculusTeleop) by extensions ['ignore', 'ignore_ament_install']
[1.543s] Level 1:colcon.colcon_core.package_identification:_identify(teleop_xr/OcculusTeleop) by extension 'ignore'
[1.543s] Level 1:colcon.colcon_core.package_identification:_identify(teleop_xr/OcculusTeleop) by extension 'ignore_ament_install'
[1.543s] Level 1:colcon.colcon_core.package_identification:_identify(teleop_xr/OcculusTeleop) by extensions ['colcon_pkg']
[1.543s] Level 1:colcon.colcon_core.package_identification:_identify(teleop_xr/OcculusTeleop) by extension 'colcon_pkg'
[1.543s] Level 1:colcon.colcon_core.package_identification:_identify(teleop_xr/OcculusTeleop) by extensions ['colcon_meta']
[1.544s] Level 1:colcon.colcon_core.package_identification:_identify(teleop_xr/OcculusTeleop) by extension 'colcon_meta'
[1.544s] Level 1:colcon.colcon_core.package_identification:_identify(teleop_xr/OcculusTeleop) by extensions ['ros']
[1.544s] Level 1:colcon.colcon_core.package_identification:_identify(teleop_xr/OcculusTeleop) by extension 'ros'
[1.544s] Level 1:colcon.colcon_core.package_identification:_identify(teleop_xr/OcculusTeleop) by extensions ['cmake', 'python']
[1.544s] Level 1:colcon.colcon_core.package_identification:_identify(teleop_xr/OcculusTeleop) by extension 'cmake'
[1.544s] Level 1:colcon.colcon_core.package_identification:_identify(teleop_xr/OcculusTeleop) by extension 'python'
[1.544s] Level 1:colcon.colcon_core.package_identification:_identify(teleop_xr/OcculusTeleop) by extensions ['python_setup_py']
[1.544s] Level 1:colcon.colcon_core.package_identification:_identify(teleop_xr/OcculusTeleop) by extension 'python_setup_py'
[1.544s] Level 1:colcon.colcon_core.package_identification:_identify(teleop_xr/VisionProTeleop) by extensions ['ignore', 'ignore_ament_install']
[1.544s] Level 1:colcon.colcon_core.package_identification:_identify(teleop_xr/VisionProTeleop) by extension 'ignore'
[1.545s] Level 1:colcon.colcon_core.package_identification:_identify(teleop_xr/VisionProTeleop) by extension 'ignore_ament_install'
[1.545s] Level 1:colcon.colcon_core.package_identification:_identify(teleop_xr/VisionProTeleop) by extensions ['colcon_pkg']
[1.545s] Level 1:colcon.colcon_core.package_identification:_identify(teleop_xr/VisionProTeleop) by extension 'colcon_pkg'
[1.545s] Level 1:colcon.colcon_core.package_identification:_identify(teleop_xr/VisionProTeleop) by extensions ['colcon_meta']
[1.545s] Level 1:colcon.colcon_core.package_identification:_identify(teleop_xr/VisionProTeleop) by extension 'colcon_meta'
[1.545s] Level 1:colcon.colcon_core.package_identification:_identify(teleop_xr/VisionProTeleop) by extensions ['ros']
[1.545s] Level 1:colcon.colcon_core.package_identification:_identify(teleop_xr/VisionProTeleop) by extension 'ros'
[1.545s] Level 1:colcon.colcon_core.package_identification:_identify(teleop_xr/VisionProTeleop) by extensions ['cmake', 'python']
[1.545s] Level 1:colcon.colcon_core.package_identification:_identify(teleop_xr/VisionProTeleop) by extension 'cmake'
[1.545s] Level 1:colcon.colcon_core.package_identification:_identify(teleop_xr/VisionProTeleop) by extension 'python'
[1.545s] Level 1:colcon.colcon_core.package_identification:_identify(teleop_xr/VisionProTeleop) by extensions ['python_setup_py']
[1.545s] Level 1:colcon.colcon_core.package_identification:_identify(teleop_xr/VisionProTeleop) by extension 'python_setup_py'
[2.097s] DEBUG:colcon.colcon_core.package_identification:Package 'teleop_xr/VisionProTeleop' with type 'python' and name 'avp_stream'
[2.097s] Level 1:colcon.colcon_core.package_discovery:discover_packages(recursive) using defaults
[2.097s] Level 1:colcon.colcon_core.package_discovery:discover_packages(ignore) discover
[2.097s] Level 1:colcon.colcon_core.package_discovery:discover_packages(ignore) using defaults
[2.097s] Level 1:colcon.colcon_core.package_discovery:discover_packages(path) discover
[2.097s] Level 1:colcon.colcon_core.package_discovery:discover_packages(path) using defaults
[2.168s] Level 1:colcon.colcon_core.package_discovery:discover_packages(prefix_path) check parameters
[2.168s] Level 1:colcon.colcon_core.package_discovery:discover_packages(prefix_path) discover
[2.174s] DEBUG:colcon.colcon_installed_package_information.package_discovery:Found 369 installed packages in /opt/ros/humble
[2.179s] Level 1:colcon.colcon_core.package_discovery:discover_packages(prefix_path) using defaults
[2.263s] ERROR:colcon:colcon build: Duplicate package names not supported:
- libfranka:
  - franka/libfranka
  - libfranka
