{
    "4_4_1_base_frame": {
        "pos": [
            0.01908,
            -0.026,
            0.128974
        ],
        "quat": [
            0.0,
            -0.0,
            0.707107,
            0.707107
        ],
        "parent": "palm"
    },
    "4_4_2_base_frame": {
        "pos": [
            -0.02637,
            -0.026,
            0.128974
        ],
        "quat": [
            0.0,
            -0.0,
            0.707107,
            0.707107
        ],
        "parent": "palm"
    },
    "4_4_3_base_frame": {
        "pos": [
            0.06453,
            -0.026,
            0.128974
        ],
        "quat": [
            0.0,
            -0.0,
            0.707107,
            0.707107
        ],
        "parent": "palm"
    },
    "4_4_4_base_frame": {
        "pos": [
            0.0112619,
            -5.87232e-05,
            0.023
        ],
        "quat": [
            0.0,
            -0.0,
            -1.0,
            0.0
        ],
        "parent": "rf_px"
    },
    "4_4_5_base_frame": {
        "pos": [
            0.020626,
            0.0095,
            -0.0033
        ],
        "quat": [
            0.5,
            0.5,
            0.5,
            -0.5
        ],
        "parent": "rf_md"
    },
    "4_4_6_base_frame": {
        "pos": [
            0.0112619,
            -5.87232e-05,
            0.023
        ],
        "quat": [
            0.0,
            -0.0,
            -1.0,
            0.0
        ],
        "parent": "mf_px"
    },
    "4_4_7_base_frame": {
        "pos": [
            0.020626,
            0.0095,
            -0.0033
        ],
        "quat": [
            0.5,
            0.5,
            0.5,
            -0.5
        ],
        "parent": "mf_md"
    },
    "4_4_8_base_frame": {
        "pos": [
            0.0112619,
            -5.87232e-05,
            0.023
        ],
        "quat": [
            0.0,
            -0.0,
            -1.0,
            0.0
        ],
        "parent": "if_px"
    },
    "4_4_9_base_frame": {
        "pos": [
            0.020626,
            0.0095,
            -0.0033
        ],
        "quat": [
            0.5,
            0.5,
            0.5,
            -0.5
        ],
        "parent": "if_md"
    },
    "4_4_10_base_frame": {
        "pos": [
            -0.01,
            -0.0045,
            0.0258
        ],
        "quat": [
            0.707107,
            0.0,
            0.707107,
            -0.0
        ],
        "parent": "th_px"
    },
    "4_4_11_base_frame": {
        "pos": [
            0.01,
            0.0045,
            0.0258
        ],
        "quat": [
            0.0,
            -0.707107,
            0.0,
            0.707107
        ],
        "parent": "th_ds"
    }
}