{
    "1": {
        "pos": [
            -0.0,
            -0.04313,
            0.00255
        ],
        "quat": [
            0.0,
            0.70710678,
            0.0,
            0.70710678
        ]
    },
    "2": {
        "pos": [
            0.01181,
            -0.03,
            0.01807
        ],
        "quat": [
            0.0,
            0.70710678,
            0.0,
            0.70710678
        ]
    },
    "3": {
        "pos": [
            -0.0,
            -0.03,
            0.02701
        ],
        "quat": [
            0.0,
            0.70710678,
            0.0,
            0.70710678
        ]
    },
    "4": {
        "pos": [
            0.0106,
            -0.04953,
            0.01093
        ],
        "quat": [
            0.0,
            0.70710678,
            0.0,
            0.70710678
        ]
    },
    "5": {
        "pos": [
            0.00678,
            -0.0365,
            0.0038
        ],
        "quat": [
            0.0,
            0.70710678,
            0.0,
            0.70710678
        ]
    },
    "6": {
        "pos": [
            -0.0,
            -0.05574,
            0.00625
        ],
        "quat": [
            0.0,
            0.70710678,
            0.0,
            0.70710678
        ]
    },
    "7": {
        "pos": [
            -0.0,
            -0.05574,
            0.02275
        ],
        "quat": [
            0.0,
            0.70710678,
            0.0,
            0.70710678
        ]
    },
    "8": {
        "pos": [
            0.01157,
            -0.0365,
            0.01093
        ],
        "quat": [
            0.0,
            0.70710678,
            0.0,
            0.70710678
        ]
    },
    "9": {
        "pos": [
            -0.0,
            -0.0365,
            0.00199
        ],
        "quat": [
            0.0,
            0.70710678,
            0.0,
            0.70710678
        ]
    },
    "10": {
        "pos": [
            0.00826,
            -0.05593,
            0.01093
        ],
        "quat": [
            0.0,
            0.70710678,
            0.0,
            0.70710678
        ]
    },
    "11": {
        "pos": [
            0.01181,
            -0.03,
            0.01093
        ],
        "quat": [
            0.0,
            0.70710678,
            0.0,
            0.70710678
        ]
    },
    "12": {
        "pos": [
            -0.0,
            -0.04939,
            0.02479
        ],
        "quat": [
            0.0,
            0.70710678,
            0.0,
            0.70710678
        ]
    },
    "13": {
        "pos": [
            0.0106,
            -0.04953,
            0.01807
        ],
        "quat": [
            0.0,
            0.70710678,
            0.0,
            0.70710678
        ]
    },
    "14": {
        "pos": [
            0.00678,
            -0.04313,
            0.0044
        ],
        "quat": [
            0.0,
            0.70710678,
            0.0,
            0.70710678
        ]
    },
    "15": {
        "pos": [
            -0.0,
            -0.0365,
            0.02701
        ],
        "quat": [
            0.0,
            0.70710678,
            0.0,
            0.70710678
        ]
    },
    "16": {
        "pos": [
            0.00374,
            -0.05996,
            0.01093
        ],
        "quat": [
            0.0,
            0.70710678,
            0.0,
            0.70710678
        ]
    },
    "17": {
        "pos": [
            0.01157,
            -0.0365,
            0.01807
        ],
        "quat": [
            0.0,
            0.70710678,
            0.0,
            0.70710678
        ]
    },
    "18": {
        "pos": [
            0.01149,
            -0.04313,
            0.01093
        ],
        "quat": [
            0.0,
            0.70710678,
            0.0,
            0.70710678
        ]
    },
    "19": {
        "pos": [
            0.00374,
            -0.05996,
            0.01807
        ],
        "quat": [
            0.0,
            0.70710678,
            0.0,
            0.70710678
        ]
    },
    "20": {
        "pos": [
            -0.0,
            -0.03,
            0.00199
        ],
        "quat": [
            0.0,
            0.70710678,
            0.0,
            0.70710678
        ]
    },
    "21": {
        "pos": [
            0.00678,
            -0.03,
            0.02524
        ],
        "quat": [
            0.0,
            0.70710678,
            0.0,
            0.70710678
        ]
    },
    "22": {
        "pos": [
            0.01149,
            -0.04313,
            0.01807
        ],
        "quat": [
            0.0,
            0.70710678,
            0.0,
            0.70710678
        ]
    },
    "23": {
        "pos": [
            0.00678,
            -0.04313,
            0.0246
        ],
        "quat": [
            0.0,
            0.70710678,
            0.0,
            0.70710678
        ]
    },
    "24": {
        "pos": [
            0.00678,
            -0.04953,
            0.0233
        ],
        "quat": [
            0.0,
            0.70710678,
            0.0,
            0.70710678
        ]
    },
    "25": {
        "pos": [
            0.00678,
            -0.03,
            0.00376
        ],
        "quat": [
            0.0,
            0.70710678,
            0.0,
            0.70710678
        ]
    },
    "26": {
        "pos": [
            -0.0,
            -0.04939,
            0.00431
        ],
        "quat": [
            0.0,
            0.70710678,
            0.0,
            0.70710678
        ]
    },
    "27": {
        "pos": [
            0.00826,
            -0.05593,
            0.01807
        ],
        "quat": [
            0.0,
            0.70710678,
            0.0,
            0.70710678
        ]
    },
    "28": {
        "pos": [
            0.00678,
            -0.0365,
            0.0252
        ],
        "quat": [
            0.0,
            0.70710678,
            0.0,
            0.70710678
        ]
    },
    "29": {
        "pos": [
            -0.0,
            -0.04313,
            0.02645
        ],
        "quat": [
            0.0,
            0.70710678,
            0.0,
            0.70710678
        ]
    },
    "30": {
        "pos": [
            0.00678,
            -0.04953,
            0.0057
        ],
        "quat": [
            0.0,
            0.70710678,
            0.0,
            0.70710678
        ]
    }
}