{
    "1": {
        "pos": [
            0.0118199,
            -0.0288,
            0.0184
        ],
        "quat": [
            1,
            0.0,
            -0.0,
            0.0
        ]
    },
    "2": {
        "pos": [
            -0.00138014,
            -0.0288,
            0.0288
        ],
        "quat": [
            0.0,
            0.707107,
            -0.0,
            0.707107
        ]
    },
    "3": {
        "pos": [
            0.00762986,
            -0.0546,
            0.0184
        ],
        "quat": [
            0.0,
            0.707107,
            -0.0,
            0.707107
        ]
    },
    "4": {
        "pos": [
            -0.00138014,
            -0.0556,
            0.0044
        ],
        "quat": [
            0.0,
            0.707107,
            -0.0,
            0.707107
        ]
    },
    "5": {
        "pos": [
            0.00607986,
            -0.0353,
            0.026
        ],
        "quat": [
            0.0,
            0.707107,
            -0.0,
            0.707107
        ]
    },
    "6": {
        "pos": [
            0.0118199,
            -0.0353,
            0.0106
        ],
        "quat": [
            0.0,
            0.707107,
            -0.0,
            0.707107
        ]
    },
    "7": {
        "pos": [
            0.00607986,
            -0.0288,
            0.026
        ],
        "quat": [
            0.0,
            0.707107,
            -0.0,
            0.707107
        ]
    },
    "8": {
        "pos": [
            -0.00138014,
            -0.0556,
            0.0246
        ],
        "quat": [
            0.0,
            0.707107,
            -0.0,
            0.707107
        ]
    },
    "9": {
        "pos": [
            -0.00138014,
            -0.0423,
            0.0283
        ],
        "quat": [
            0.0,
            0.707107,
            -0.0,
            0.707107
        ]
    },
    "10": {
        "pos": [
            0.00607986,
            -0.0417,
            0.0255
        ],
        "quat": [
            0.0,
            0.707107,
            -0.0,
            0.707107
        ]
    },
    "11": {
        "pos": [
            0.00762986,
            -0.0546,
            0.0106
        ],
        "quat": [
            0.0,
            0.707107,
            -0.0,
            0.707107
        ]
    },
    "12": {
        "pos": [
            -0.00138014,
            -0.0423,
            0.0007
        ],
        "quat": [
            0.0,
            0.707107,
            -0.0,
            0.707107
        ]
    },
    "13": {
        "pos": [
            -0.00138014,
            -0.0486,
            0.0271
        ],
        "quat": [
            0.0,
            0.707107,
            -0.0,
            0.707107
        ]
    },
    "14": {
        "pos": [
            0.0115199,
            -0.0419,
            0.0184
        ],
        "quat": [
            0.0,
            0.707107,
            -0.0,
            0.707107
        ]
    },
    "15": {
        "pos": [
            0.0118199,
            -0.0353,
            0.0184
        ],
        "quat": [
            0.0,
            0.707107,
            -0.0,
            0.707107
        ]
    },
    "16": {
        "pos": [
            -0.00138014,
            -0.0353,
            0.0288
        ],
        "quat": [
            0.0,
            0.707107,
            -0.0,
            0.707107
        ]
    },
    "17": {
        "pos": [
            0.00607986,
            -0.048,
            0.0243
        ],
        "quat": [
            0.0,
            0.707107,
            -0.0,
            0.707107
        ]
    },
    "18": {
        "pos": [
            -0.00138014,
            -0.0353,
            0.0002
        ],
        "quat": [
            0.0,
            0.707107,
            -0.0,
            0.707107
        ]
    },
    "19": {
        "pos": [
            -0.00138014,
            -0.0486,
            0.0019
        ],
        "quat": [
            0.0,
            0.707107,
            -0.0,
            0.707107
        ]
    },
    "20": {
        "pos": [
            0.00607986,
            -0.0353,
            0.003
        ],
        "quat": [
            0.0,
            0.707107,
            -0.0,
            0.707107
        ]
    },
    "21": {
        "pos": [
            0.00607986,
            -0.048,
            0.0047
        ],
        "quat": [
            0.0,
            0.707107,
            -0.0,
            0.707107
        ]
    },
    "22": {
        "pos": [
            0.0105199,
            -0.048,
            0.0184
        ],
        "quat": [
            0.0,
            0.707107,
            -0.0,
            0.707107
        ]
    },
    "23": {
        "pos": [
            -0.00138014,
            -0.0288,
            0.0002
        ],
        "quat": [
            0.0,
            0.707107,
            -0.0,
            0.707107
        ]
    },
    "24": {
        "pos": [
            0.00607986,
            -0.0417,
            0.0035
        ],
        "quat": [
            0.0,
            0.707107,
            -0.0,
            0.707107
        ]
    },
    "25": {
        "pos": [
            0.0115199,
            -0.0419,
            0.0106
        ],
        "quat": [
            0.0,
            0.707107,
            -0.0,
            0.707107
        ]
    },
    "26": {
        "pos": [
            0.00337986,
            -0.0588,
            0.0108
        ],
        "quat": [
            0.0,
            0.707107,
            -0.0,
            0.707107
        ]
    },
    "27": {
        "pos": [
            0.0118199,
            -0.0288,
            0.0106
        ],
        "quat": [
            0.0,
            0.707107,
            -0.0,
            0.707107
        ]
    },
    "28": {
        "pos": [
            0.0105199,
            -0.048,
            0.0106
        ],
        "quat": [
            0.0,
            0.707107,
            -0.0,
            0.707107
        ]
    },
    "29": {
        "pos": [
            0.00337986,
            -0.0588,
            0.0182
        ],
        "quat": [
            0.0,
            0.707107,
            -0.0,
            0.707107
        ]
    },
    "30": {
        "pos": [
            0.00607986,
            -0.0288,
            0.003
        ],
        "quat": [
            0.0,
            0.707107,
            -0.0,
            0.707107
        ]
    }
}