{
    "1": {
        "pos": [
            0.0101,
            0.0306,
            0.01254
        ],
        "quat": [
            0.683013,
            -0.183013,
            0.683013,
            0.183013
        ],
        "j_x_range": [
            -0.0015,
            0.0015
        ],
        "j_y_range": [
            -0.0015,
            0.0015
        ],
        "j_z_range": [
            -0.001,
            0.0
        ]
    },
    "2": {
        "pos": [
            0.0126,
            0.0236,
            0.01254
        ],
        "quat": [
            0.704416,
            -0.0616284,
            0.704416,
            0.0616284
        ],
        "j_x_range": [
            -0.0015,
            0.0015
        ],
        "j_y_range": [
            -0.0015,
            0.0015
        ],
        "j_z_range": [
            -0.001,
            0.0
        ]
    },
    "3": {
        "pos": [
            0.0138,
            0.0173,
            0.01254
        ],
        "quat": [
            0.704416,
            -0.0616284,
            0.704416,
            0.0616284
        ],
        "j_x_range": [
            -0.0015,
            0.0015
        ],
        "j_y_range": [
            -0.0015,
            0.0015
        ],
        "j_z_range": [
            -0.001,
            0.0
        ]
    },
    "4": {
        "pos": [
            0.0143,
            0.0103,
            0.01254
        ],
        "quat": [
            0.707107,
            0.0,
            0.707107,
            0.0
        ],
        "j_x_range": [
            -0.0015,
            0.0015
        ],
        "j_y_range": [
            -0.0015,
            0.0015
        ],
        "j_z_range": [
            -0.001,
            0.0
        ]
    },
    "5": {
        "pos": [
            0.0143,
            0.0038,
            0.01254
        ],
        "quat": [
            0.707107,
            0.0,
            0.707107,
            0.0
        ],
        "j_x_range": [
            -0.0015,
            0.0015
        ],
        "j_y_range": [
            -0.0015,
            0.0015
        ],
        "j_z_range": [
            -0.001,
            0.0
        ]
    },
    "6": {
        "pos": [
            0.0098,
            0.023,
            0.02
        ],
        "quat": [
            0.902859,
            -0.0368336,
            0.42101,
            0.0789899
        ],
        "j_x_range": [
            -0.0015,
            0.0015
        ],
        "j_y_range": [
            -0.0015,
            0.0015
        ],
        "j_z_range": [
            -0.001,
            0.0
        ]
    },
    "7": {
        "pos": [
            0.011,
            0.0167,
            0.02
        ],
        "quat": [
            0.902859,
            -0.0368336,
            0.42101,
            0.0789899
        ],
        "j_x_range": [
            -0.0015,
            0.0015
        ],
        "j_y_range": [
            -0.0015,
            0.0015
        ],
        "j_z_range": [
            -0.001,
            0.0
        ]
    },
    "8": {
        "pos": [
            0.0115,
            0.0103,
            0.02
        ],
        "quat": [
            0.906308,
            0.0,
            0.422618,
            0.0
        ],
        "j_x_range": [
            -0.0015,
            0.0015
        ],
        "j_y_range": [
            -0.0015,
            0.0015
        ],
        "j_z_range": [
            -0.001,
            0.0
        ]
    },
    "9": {
        "pos": [
            0.0115,
            0.0038,
            0.02
        ],
        "quat": [
            0.906308,
            0.0,
            0.422618,
            0.0
        ],
        "j_x_range": [
            -0.0015,
            0.0015
        ],
        "j_y_range": [
            -0.0015,
            0.0015
        ],
        "j_z_range": [
            -0.001,
            0.0
        ]
    },
    "10": {
        "pos": [
            0.0037,
            0.0338,
            0.0173
        ],
        "quat": [
            0.884447,
            -0.393781,
            0.228734,
            0.101839
        ],
        "j_x_range": [
            -0.0015,
            0.0015
        ],
        "j_y_range": [
            -0.0015,
            0.0015
        ],
        "j_z_range": [
            -0.001,
            0.0
        ]
    },
    "11": {
        "pos": [
            0.0039,
            0.0296,
            0.02155
        ],
        "quat": [
            0.938933,
            -0.260389,
            0.21677,
            0.0601156
        ],
        "j_x_range": [
            -0.0015,
            0.0015
        ],
        "j_y_range": [
            -0.0015,
            0.0015
        ],
        "j_z_range": [
            -0.001,
            0.0
        ]
    },
    "12": {
        "pos": [
            0.0039,
            0.023,
            0.02444
        ],
        "quat": [
            0.977892,
            -0.0855544,
            0.190083,
            0.0166301
        ],
        "j_x_range": [
            -0.0015,
            0.0015
        ],
        "j_y_range": [
            -0.0015,
            0.0015
        ],
        "j_z_range": [
            -0.001,
            0.0
        ]
    },
    "13": {
        "pos": [
            0.0039,
            0.0169,
            0.02544
        ],
        "quat": [
            0.979513,
            -0.0856963,
            0.181542,
            0.0158829
        ],
        "j_x_range": [
            -0.0015,
            0.0015
        ],
        "j_y_range": [
            -0.0015,
            0.0015
        ],
        "j_z_range": [
            -0.001,
            0.0
        ]
    },
    "14": {
        "pos": [
            0.0039,
            0.0103,
            0.02574
        ],
        "quat": [
            0.987688,
            0.0,
            0.156434,
            0.0
        ],
        "j_x_range": [
            -0.0015,
            0.0015
        ],
        "j_y_range": [
            -0.0015,
            0.0015
        ],
        "j_z_range": [
            -0.001,
            0.0
        ]
    },
    "15": {
        "pos": [
            0.0039,
            0.0038,
            0.02574
        ],
        "quat": [
            0.987688,
            0.0,
            0.156434,
            0.0
        ],
        "j_x_range": [
            -0.0015,
            0.0015
        ],
        "j_y_range": [
            -0.0015,
            0.0015
        ],
        "j_z_range": [
            -0.001,
            0.0
        ]
    },
    "16": {
        "pos": [
            -0.0037,
            0.0338,
            0.0173
        ],
        "quat": [
            0.884447,
            -0.393781,
            -0.228734,
            -0.101839
        ],
        "j_x_range": [
            -0.0015,
            0.0015
        ],
        "j_y_range": [
            -0.0015,
            0.0015
        ],
        "j_z_range": [
            -0.001,
            0.0
        ]
    },
    "17": {
        "pos": [
            -0.0039,
            0.0296,
            0.02155
        ],
        "quat": [
            0.938933,
            -0.260389,
            -0.21677,
            -0.0601156
        ],
        "j_x_range": [
            -0.0015,
            0.0015
        ],
        "j_y_range": [
            -0.0015,
            0.0015
        ],
        "j_z_range": [
            -0.001,
            0.0
        ]
    },
    "18": {
        "pos": [
            -0.0039,
            0.023,
            0.02444
        ],
        "quat": [
            0.977892,
            -0.0855544,
            -0.190083,
            -0.0166301
        ],
        "j_x_range": [
            -0.0015,
            0.0015
        ],
        "j_y_range": [
            -0.0015,
            0.0015
        ],
        "j_z_range": [
            -0.001,
            0.0
        ]
    },
    "19": {
        "pos": [
            -0.0039,
            0.0169,
            0.02544
        ],