{
    "4_6_1_base_frame": {
        "pos": [
            0.018,
            -0.027,
            0.0478
        ],
        "quat": [
            0.0,
            -0.0,
            -0.707107,
            -0.707107
        ],
        "parent": "palm"
    },
    "4_6_2_base_frame": {
        "pos": [
            0.0205,
            -0.027,
            0.1115
        ],
        "quat": [
            0.707107,
            -0.707107,
            0.0,
            0.0
        ],
        "parent": "palm"
    },
    "4_6_3_base_frame": {
        "pos": [
            0.018,
            -0.027,
            0.0809
        ],
        "quat": [
            0.0,
            -0.0,
            -0.707107,
            -0.707107
        ],
        "parent": "palm"
    },
    "j_x_range": [-0.015, 0.0015],
    "j_y_range": [-0.0015, 0.0015],
    "j_z_range": [-0.001, 0],
    "z":0.005
}