{"4_6_1_base_frame": {"pos": [0.018, -0.027, 0.0478], "quat": [0.0, -0.0, -0.707107, -0.707107], "parent": "palm"}, "4_6_2_base_frame": {"pos": [0.0205, -0.027, 0.1115], "quat": [0.707107, -0.707107, 0.0, 0.0], "parent": "palm"}, "4_6_3_base_frame": {"pos": [0.018, -0.027, 0.0809], "quat": [0.0, -0.0, -0.707107, -0.707107], "parent": "palm"}}