{"1": {"pos": [-0.0, -0.04313, 0.00255], "quat": [0.5, -0.5, -0.5, 0.5]}, "2": {"pos": [0.01181, -0.03, 0.01807], "quat": [0.5, -0.5, -0.5, 0.5]}, "3": {"pos": [-0.0, -0.03, 0.02701], "quat": [0.5, -0.5, -0.5, 0.5]}, "4": {"pos": [0.0106, -0.04953, 0.01093], "quat": [0.5, -0.5, -0.5, 0.5]}, "5": {"pos": [0.00678, -0.0365, 0.0038], "quat": [0.5, -0.5, -0.5, 0.5]}, "6": {"pos": [-0.0, -0.05574, 0.00625], "quat": [0.5, -0.5, -0.5, 0.5]}, "7": {"pos": [-0.0, -0.05574, 0.02275], "quat": [0.5, -0.5, -0.5, 0.5]}, "8": {"pos": [0.01157, -0.0365, 0.01093], "quat": [0.5, -0.5, -0.5, 0.5]}, "9": {"pos": [-0.0, -0.0365, 0.00199], "quat": [0.5, -0.5, -0.5, 0.5]}, "10": {"pos": [0.00826, -0.05593, 0.01093], "quat": [0.5, -0.5, -0.5, 0.5]}, "11": {"pos": [0.01181, -0.03, 0.01093], "quat": [0.5, -0.5, -0.5, 0.5]}, "12": {"pos": [-0.0, -0.04939, 0.02479], "quat": [0.5, -0.5, -0.5, 0.5]}, "13": {"pos": [0.0106, -0.04953, 0.01807], "quat": [0.5, -0.5, -0.5, 0.5]}, "14": {"pos": [0.00678, -0.04313, 0.0044], "quat": [0.5, -0.5, -0.5, 0.5]}, "15": {"pos": [-0.0, -0.0365, 0.02701], "quat": [0.5, -0.5, -0.5, 0.5]}, "16": {"pos": [0.00374, -0.05996, 0.01093], "quat": [0.5, -0.5, -0.5, 0.5]}, "17": {"pos": [0.01157, -0.0365, 0.01807], "quat": [0.5, -0.5, -0.5, 0.5]}, "18": {"pos": [0.01149, -0.04313, 0.01093], "quat": [0.5, -0.5, -0.5, 0.5]}, "19": {"pos": [0.00374, -0.05996, 0.01807], "quat": [0.5, -0.5, -0.5, 0.5]}, "20": {"pos": [-0.0, -0.03, 0.00199], "quat": [0.5, -0.5, -0.5, 0.5]}, "21": {"pos": [0.00678, -0.03, 0.02524], "quat": [0.5, -0.5, -0.5, 0.5]}, "22": {"pos": [0.01149, -0.04313, 0.01807], "quat": [0.5, -0.5, -0.5, 0.5]}, "23": {"pos": [0.00678, -0.04313, 0.0246], "quat": [0.5, -0.5, -0.5, 0.5]}, "24": {"pos": [0.00678, -0.04953, 0.0233], "quat": [0.5, -0.5, -0.5, 0.5]}, "25": {"pos": [0.00678, -0.03, 0.00376], "quat": [0.5, -0.5, -0.5, 0.5]}, "26": {"pos": [-0.0, -0.04939, 0.00431], "quat": [0.5, -0.5, -0.5, 0.5]}, "27": {"pos": [0.00826, -0.05593, 0.01807], "quat": [0.5, -0.5, -0.5, 0.5]}, "28": {"pos": [0.00678, -0.0365, 0.0252], "quat": [0.5, -0.5, -0.5, 0.5]}, "29": {"pos": [-0.0, -0.04313, 0.02645], "quat": [0.5, -0.5, -0.5, 0.5]}, "30": {"pos": [0.00678, -0.04953, 0.0057], "quat": [0.5, -0.5, -0.5, 0.5]}}